"";"V1";"V2";"V3";"V4";"V5";"V6";"V7";"V8";"V9";"V10";"V11";"V12";"V13";"V14";"V15";"V16";"V17";"V18";"V19";"V20";"V21";"V22";"V23";"V24";"V25";"V26";"V27";"V28";"V29";"V30";"V31";"V32";"V33";"V34";"V35";"V36";"V37";"V38";"V39";"V40";"V41";"V42";"V43";"V44";"V45";"V46";"V47";"V48";"V49";"V50";"V51";"V52";"V53";"V54";"V55";"V56";"V57";"V58";"V59";"V60";"V61";"V62";"V63";"V64";"V65";"V66";"V67";"V68";"V69";"V70";"V71";"V72";"V73";"V74";"V75";"V76";"V77";"V78";"V79";"V80";"V81";"V82";"V83";"V84";"V85";"V86";"V87";"V88";"V89";"V90";"V91";"V92";"V93";"V94";"V95";"V96";"V97";"V98";"V99";"V100"
"1";"c(""briefs"", ""boxer briefs"")";"c(""briefs"", ""boxer briefs"")";"c(""briefs"", ""boxer briefs"")";"c(""briefs"", ""boxer briefs"")";"c(""briefs"", ""boxer briefs"")";"c(""briefs"", ""boxer briefs"")";"c(""briefs"", ""boxer briefs"")";"c(""briefs"", ""boxer briefs"")";"c(""briefs"", ""boxer briefs"")";"c(""briefs"", ""boxer briefs"")";"NA";"c(""briefs"", ""boxer briefs"")";"c(""briefs"", ""boxer briefs"")";"c(""briefs"", ""boxer briefs"")";"c(""briefs"", ""boxer briefs"")";"c(""briefs"", ""boxer briefs"")";"c(""briefs"", ""boxer briefs"")";"c(""briefs"", ""boxer briefs"")";"c(""briefs"", ""boxer briefs"")";"c(""briefs"", ""boxer briefs"")";"c(""briefs"", ""boxer briefs"")";"c(""briefs"", ""boxer briefs"")";"c(""briefs"", ""boxer briefs"")";"c(""briefs"", ""boxer briefs"")";"c(""briefs"", ""boxer briefs"")";"c(""briefs"", ""boxer briefs"")";"c(""briefs"", ""boxer briefs"")";"c(""briefs"", ""boxer briefs"")";"c(""briefs"", ""boxer briefs"")";"trunks";"trunks";"briefs";"c(""briefs"", ""boxer briefs"")";"trunks";"boxers";"trunks";"trunks";"trunks";"c(""briefs"", ""boxer briefs"")";"trunks";"trunks";"c(""briefs"", ""boxer briefs"")";"trunks";"c(""briefs"", ""boxer briefs"")";"briefs";"trunks";"c(""briefs"", ""boxer briefs"")";"briefs";"c(""briefs"", ""boxer briefs"")";"boxers";"c(""briefs"", ""boxer briefs"")";"trunks";"c(""briefs"", ""boxer briefs"")";"briefs";"c(""briefs"", ""boxer briefs"")";"briefs";"c(""briefs"", ""boxer briefs"")";"briefs";"trunks";"trunks";"NA";"boxers";"trunks";"c(""briefs"", ""boxer briefs"")";"trunks";"trunks";"c(""briefs"", ""boxer briefs"")";"trunks";"c(""briefs"", ""boxer briefs"")";"c(""briefs"", ""boxer briefs"")";"c(""briefs"", ""boxer briefs"")";"c(""briefs"", ""boxer briefs"")";"c(""briefs"", ""boxer briefs"")";"c(""briefs"", ""boxer briefs"")";"c(""briefs"", ""boxer briefs"")";"c(""briefs"", ""boxer briefs"")";"c(""briefs"", ""boxer briefs"")";"c(""briefs"", ""boxer briefs"")";"trunks";"trunks";"c(""briefs"", ""boxer briefs"")";"c(""briefs"", ""boxer briefs"")";"c(""briefs"", ""boxer briefs"")";"c(""briefs"", ""boxer briefs"")";"boxers";"c(""briefs"", ""boxer briefs"")";"briefs";"trunks";"c(""briefs"", ""boxer briefs"")";"trunks";"briefs";"trunks";"trunks";"briefs";"boxers";"c(""briefs"", ""boxer briefs"")";"c(""briefs"", ""boxer briefs"")";"c(""briefs"", ""boxer briefs"")";"c(""briefs"", ""boxer briefs"")";"c(""briefs"", ""boxer briefs"")"
"2";"Del Mar Overspray Boxer Briefs";"Del Mar Tiger Roses Boxer Briefs";"Visita Los Muertos Relaxed Fit Boxer Briefs";"Basilone El Paso Boxer Briefs";"Delmar 1994 UW Boxer Briefs";"Visita Rune Relaxed Fit Boxer Briefs";"Basilone Valentine Bones Boxer Briefs";"Mercato Flamingo Flowers Boxer Briefs";"Wholester Geo Break Boxer Briefs";"Visita Split Screen Relaxed Fit Boxer Briefs";"Graphic Micro No-Show Brief";"Pro Elite 2.0 Boxer Briefs";"Oliver Stretch Micromodal Boxer Briefs";"Zen Stretch Micromodal Boxer Briefs";"Del Mar Star Warsâ<U+0084>¢ R2D2 Boxer Briefs";"Shattered Stretch Boxer Briefs";"Surf NASA Stretch Boxer Briefs";"The Basilone - Shots Stretch Modal Boxer Briefs";"Del Mar - Whiskey Cat Boxer Briefs";"The Wholester - Pueblo Boxer Briefs";"The Wholester - Liner Boxer Briefs";"Del Mar Boxer Briefs";"Basilone Diamondhead Stretch Modal Boxer Briefs";"The Wholester Boxer Briefs";"The Wholester - J. Harden Boxer Briefs";"Man Eater Stretch Boxer Briefs";"Tiger Face Stretch Boxer Briefs";"Alohas Stretch Boxer Briefs";"'Platinum' Stretch Boxer Briefs";"ID Stretch Cotton Trunks";"BLACK Collection Trunks";"Microfiber Hip Briefs";"Air Icon Boxer Briefs";"Intense Power Microfiber Low Rise Trunks";"Cotton & Modal Boxers";"Sliq Micro Trunks";"Cool Cotton Trunks";"Cotton Blend Trunks";"ID Stretch Cotton Boxer Briefs";"Steel U2716 Microfiber Low Rise Trunks";"Air Trunks";"Air Boxer Briefs";"Print Trunks";"Cool Cotton Armory Boxer Briefs";"Pima Cotton Contour Pouch Briefs";"Signature Cotton & Modal Blend Trunks";"Stretch Modal Boxer Briefs";"Sliq Micro Briefs";"Vibe Tagless Action Boxer Briefs";"Stretch Cotton Boxers";"Cyclist Long Stretch Boxer Briefs";"Modal Blend Trunks";"The Basilone - Scuba Stretch Modal Boxer Briefs";"Vibe Stretch Briefs";"Stripe Boxer Briefs";"'Steel - U2715' Microfiber Hip Briefs";"Steel U2719 Microfiber Boxer Briefs";"Print Stretch Cotton Briefs";"Second Skin Titanium Trunks";"Cool Cotton Surf Stripe Trunks";"'24' Plaid Stretch Cotton Long Johns";"'24' Stretch Cotton Blend Boxers";"SeaCellÂ® Trunks";"Stretch Cotton Boxer Briefs";"Iron Strength Low Rise Trunks";"'Second Skin' Square Cut Trunks";"Air FX Low Rise Boxer Briefs";"'Second Skin' Trunks";"Stretch Cotton Boxer Briefs";"Space Skaters Stretch Boxer Briefs";"Panda Stretch Boxer Briefs";"Bear Creek Stretch Boxer Briefs";"Dirty Soda 2 Stretch Boxer Briefs";"'Vibe' Stretch Boxer Briefs";"'Vibe' Stretch Boxer Briefs";"'Vibe' Stretch Boxer Briefs";"Strike Boxer Briefs";"'Cool Cotton' Boxer Briefs";"Origins Low Rise Stretch Cotton Trunks";"Stretch Cotton Trunks";"Infrared Stretch Cotton Boxer Briefs";"Heathered Stretch Cotton Boxer Briefs";"Platinum Stretch Boxer Briefs";"Vibe Stretch Boxer Briefs";"Cypress Silk Boxers";"Cool Cotton Boxer Briefs";"ID Stretch Cotton Briefs";"Stretch Cotton Trunks";"Iron Strength Boxer Briefs";"Vibe Stretch Trunks";"Second Skin Titanium Briefs";"'Electric' No-Show Trunks";"Steel U2716 Microfiber Low Rise Trunks";"Cool Cotton Armory Briefs";"Cool Cotton Bold Boxers";"Diamond Lip Stretch Boxer Briefs";"Del Mar - Temple Boxer Briefs";"Basilone Doorman Stretch Modal Boxer Briefs";"Aftermath Stretch Boxer Briefs";"Dubai Nights Stretch Boxer Briefs"
"3";"Navy ";"Black ";"Navy ";"Orange ";"Black ";"Grey ";"Red ";"Blue ";"Navy ";"Navy/ Black ";"Sunset Palm Trees ";"Black ";"Navy/ Light Blue Stripe ";"Navy ";"Blue ";"White/ Black ";"Purple/ Blue Multi ";"Black ";"Grey ";"Black ";"Grey ";"Blue ";"Black ";"Grey ";"Black ";"Blue/ Red Multi ";"Black/ White ";"Blue Multi ";"Brick Red Paisley ";"c(""Black "", ""Blue Pulse "", ""Bright Yellow Flash "", ""Grey Heather "", ""Paradise Blue "", ""White "", ""Wild Pink "")";"c(""Burgundy "", ""Heather Grey "")";"c(""Black "", ""Blue Shadow "", ""Grey Sky "")";"c(""Black "", ""Dress Blues "", ""Turbulence Grey "")";"c(""Cobalt Water "", ""White "")";"c(""Cruise Navy/ Red "", ""Nevis White/ Cruise Navy "", ""Red/ Nevis "")";"c(""Black "", ""Black/ Black "", ""Black/ Neon Yellow "")";"c(""Black Color Block "", ""Dress Blues Color Block "", ""Turbulence Color Block "")";"c(""Blue "", ""Bright Blue "", ""Red "")";"c(""Black "", ""Blue Pulse "", ""Bright Yellow Flash "", ""Chaos Black Print "", ""Grey Heather "", ""Incline Stripe Amora "", ""Paradise Blue "", ""White "", ""Wild Pink "")";"c(""Black "", ""Dark Midnight "", ""Ice Blue/ Rapture Stripe "", ""Mink "", ""White "")";"c(""Brilliant Blue "", ""Dress Blues "", ""Turbulence "")";"c(""Black "", ""Brilliant Blue "", ""Turbulence "")";"Blue ";"Blue Dolphin ";"c(""Estate Blue "", ""White "")";"Black ";"Amplified Blue ";"Black ";"Black ";"Cruise Navy Paisley ";"Black ";"c(""Charcoal "", ""Medium Blue "")";"Navy ";"Red ";"c(""Casper Blue/ Star Ferry Stripe "", ""Prussian/ Orange Rouge Stripe "", ""Tuscan/ Hunter Stripe "")";"c(""Amora Rebel Stripe "", ""Pink "", ""Rebel Neon "")";"c(""Amora Rebel Stripe "", ""Orange Rouge "", ""Paradise Blue "", ""Paradise/ Black Stripe "", ""Pink "", ""Rebel Black Stripe "", ""Rebel Neon "")";"c(""Marrakesh "", ""Skull Heads "", ""Splash "")";"c(""Dress Blues "", ""Grape "", ""Imperial Blue "", ""Palm Green "", ""Revolution Red "")";"c(""Black Surf Stripe "", ""Blue Cloud Surf Stripe "", ""White Surf Stripe "")";"c(""Blue "", ""Red "")";"c(""Blue "", ""Green "")";"c(""Dark Blue "", ""White "")";"c(""Black "", ""Blue "", ""Grey "", ""Red "")";"c(""Amplified Blue "", ""Blue Pulse "", ""Paradise Blue "", ""Regal Red "", ""Tigerwing "")";"c(""Black "", ""Dress Blues "")";"c(""Black "", ""White "")";"c(""Dress Blues "", ""Turbulence Grey "", ""White "")";"c(""Cruise Navy Maui Blue Stripe "", ""Elmwood Green Camo "", ""Franklin Red/ Metallic Gold "", ""Pacific Royal Geo Camo "", ""Pacific Royal/ Metallic Gold "", ""Red Geo Camo "")";"Black/ Fuchsia ";"Black/ White ";"Black ";"Aqua/ Fuchsia ";"U.S.A./ Bright Navy ";"Royal Lumberjack Plaid ";"Heather Lucky Sailor ";"Blackout ";"Mighty Blue ";"c(""Black "", ""Heather Grey "", ""White "")";"c(""Marine Blue "", ""Smoke "")";"Red ";"Black Heather ";"Black Starry Night ";"Blue Camo ";"Sky Blue ";"c(""Black "", ""Blue "", ""Grey "", ""Iron Grey "", ""Navy "", ""White "")";"c(""Black "", ""Blue Pulse "", ""Bright Yellow Flash "", ""Grey Heather "", ""Paradise Blue "", ""White "", ""Wild Pink "")";"c(""Black/ White "", ""Camo Dark Orange "", ""Camo Sailor Navy "")";"c(""Amplified Blue "", ""Blue Pulse "", ""Paradise Blue "", ""Tigerwing "")";"c(""Black "", ""Bright Camo "")";"Imperial Blue ";"Ocean Depths ";"Rebel Black Stripe ";"Ultramarine ";"Black Surf Stripe ";"Red ";"Grey ";"Orange ";"Black/ White ";"Blue Multi "
"4";"c(""cotton"", ""cotton"", ""spandex"")";"c(""cotton"", ""cotton"", ""spandex"")";"c(""cotton"", ""cotton"")";"elastane";"c(""cotton"", ""cotton"", ""spandex"")";"c(""cotton"", ""cotton"", ""combed"", ""knit"")";"elastane";"NA";"elastane";"c(""cotton"", ""cotton"", ""combed"", ""knit"")";"c(""polyester"", ""spandex"")";"c(""polyester"", ""spandex"", ""fabric"")";"elastane";"elastane";"c(""cotton"", ""elastane"", ""elastic"")";"c(""cotton"", ""spandex"", ""fabric"")";"c(""polyester"", ""spandex"", ""elastic"", ""fabric"")";"c(""spandex"", ""elastic"")";"c(""cotton"", ""elastane"", ""elastic"", ""knit"")";"c(""spandex"", ""elastic"")";"c(""spandex"", ""elastic"")";"c(""cotton"", ""elastane"", ""elastic"")";"c(""spandex"", ""fabric"")";"c(""spandex"", ""elastic"")";"c(""spandex"", ""elastic"", ""elastic"")";"c(""polyester"", ""spandex"", ""fabric"")";"c(""polyester"", ""spandex"")";"c(""polyester"", ""spandex"", ""fabric"")";"c(""spandex"", ""mesh"")";"c(""cotton"", ""cotton"", ""elastane"")";"c(""spandex"", ""viscose"")";"c(""nylon"", ""microfiber"", ""elastane"")";"c(""spandex"", ""nylon"", ""mesh"")";"c(""polyester"", ""microfiber"", ""elastane"", ""fabric"")";"c(""cotton"", ""cotton"")";"c(""polyester"", ""spandex"")";"c(""cotton"", ""cotton"", ""cotton"", ""spandex"")";"c(""cotton"", ""cotton"", ""elastane"")";"c(""cotton"", ""cotton"", ""elastane"")";"c(""nylon"", ""microfiber"", ""elastane"", ""elastic"", ""fabric"")";"c(""spandex"", ""nylon"", ""mesh"")";"c(""spandex"", ""nylon"", ""mesh"")";"c(""cotton"", ""elastane"")";"c(""cotton"", ""cotton"", ""cotton"", ""spandex"")";"c(""cotton"", ""cotton"", ""elastic"")";"c(""cotton"", ""cotton"", ""elastane"")";"spandex";"c(""polyester"", ""spandex"")";"c(""spandex"", ""nylon"")";"c(""cotton"", ""cotton"", ""spandex"")";"c(""cotton"", ""cotton"", ""elastane"")";"c(""polyester"", ""elastane"")";"c(""spandex"", ""knit"")";"c(""spandex"", ""nylon"")";"c(""polyester"", ""elastane"")";"c(""nylon"", ""elastane"")";"c(""nylon"", ""elastane"")";"c(""cotton"", ""cotton"", ""spandex"")";"spandex";"c(""cotton"", ""cotton"", ""cotton"", ""spandex"")";"c(""cotton"", ""cotton"", ""elastane"")";"c(""cotton"", ""cotton"", ""elastane"")";"elastane";"c(""cotton"", ""cotton"", ""spandex"")";"c(""nylon"", ""elastane"")";"c(""silk"", ""spandex"", ""fabric"")";"c(""nylon"", ""elastane"")";"c(""silk"", ""spandex"", ""fabric"")";"c(""cotton"", ""cotton"", ""spandex"")";"c(""polyester"", ""spandex"", ""fabric"")";"c(""polyester"", ""spandex"", ""fabric"")";"c(""polyester"", ""spandex"", ""fabric"")";"c(""polyester"", ""spandex"", ""fabric"")";"c(""spandex"", ""viscose"", ""elastic"")";"c(""spandex"", ""viscose"", ""elastic"")";"c(""spandex"", ""viscose"", ""elastic"")";"c(""polyester"", ""spandex"", ""nylon"")";"c(""cotton"", ""cotton"", ""cotton"", ""spandex"")";"c(""cotton"", ""cotton"", ""elastane"")";"c(""cotton"", ""cotton"", ""elastane"")";"c(""cotton"", ""cotton"", ""spandex"")";"c(""cotton"", ""cotton"", ""spandex"")";"spandex";"c(""spandex"", ""viscose"")";"c(""charmeuse"", ""silk"", ""silk"")";"c(""cotton"", ""cotton"", ""cotton"", ""spandex"")";"c(""cotton"", ""cotton"", ""elastane"")";"cotton";"c(""nylon"", ""elastane"")";"c(""spandex"", ""viscose"", ""mesh"")";"c(""spandex"", ""fabric"")";"c(""spandex"", ""nylon"")";"c(""nylon"", ""microfiber"", ""elastane"", ""elastic"", ""fabric"")";"c(""cotton"", ""cotton"", ""cotton"", ""spandex"")";"c(""cotton"", ""cotton"", ""cotton"", ""spandex"")";"c(""polyester"", ""spandex"")";"c(""cotton"", ""elastane"", ""elastic"", ""elastic"", ""knit"")";"c(""spandex"", ""fabric"")";"c(""polyester"", ""spandex"", ""elastic"", ""fabric"")";"c(""polyester"", ""spandex"", ""fabric"")"
"5";"25.00";"25.00";"25.00";"28.00";"25.00";"25.00";"28.00";"32.00";"36.00";"25.00";"26.00";"32.95";"29.00";"29.00";"34.00";"25.00";"25.00";"28.00";"25.00";"36.00";"36.00";"25.00";"28.00";"36.00";"36.00";"25.00";"25.00";"25.00";"34.95";"24.00";"25.00";"34.00";"48.00";"30.00";"28.00";"30.00";"29.00";"32.00";"24.00";"28.00";"45.00";"48.00";"35.00";"31.00";"22.00";"32.00";"30.00";"26.00";"26.00";"28.00";"34.00";"35.00";"28.00";"22.50";"28.00";"24.00";"28.00";"32.00";"32.00";"32.00";"42.00";"27.00";"36.00";"22.50";"32.00";"32.00";"30.00";"32.00";"24.00";"25.00";"25.00";"25.00";"25.00";"31.95";"31.95";"31.95";"49.95";"31.00";"26.00";"38.00";"22.50";"22.50";"34.95";"31.95";"50.00";"31.00";"20.00";"28.00";"32.00";"31.95";"30.00";"30.00";"28.00";"27.00";"34.00";"25.00";"25.00";"28.00";"25.00";"25.00"
"6";"NA";"NA";"NA";"NA";"NA";"NA";"NA";"NA";"NA";"NA";"NA";"NA";"NA";"NA";"NA";"NA";"NA";"NA";"NA";"NA";"NA";"NA";"NA";"NA";"NA";"NA";"NA";"NA";"NA";"NA";"NA";"NA";"NA";"NA";"NA";"NA";"NA";"NA";"NA";"NA";"NA";"NA";"NA";"NA";"NA";"NA";"NA";"18.19";"NA";"NA";"NA";"NA";"NA";"NA";"NA";"NA";"NA";"NA";"NA";"NA";"NA";"NA";"NA";"NA";"NA";"NA";"NA";"NA";"NA";"NA";"NA";"NA";"NA";"NA";"NA";"NA";"NA";"NA";"NA";"NA";"NA";"NA";"NA";"NA";"NA";"NA";"NA";"NA";"NA";"NA";"NA";"NA";"NA";"NA";"NA";"NA";"NA";"NA";"NA";"NA"
"7";"NA";"NA";"NA";"NA";"NA";"NA";"NA";"NA";"NA";"NA";"NA";"NA";"NA";"NA";"NA";"5";"NA";"NA";"NA";"NA";"NA";"NA";"NA";"NA";"NA";"NA";"NA";"NA";"NA";"NA";"4.9412";"5";"NA";"NA";"NA";"NA";"NA";"4.5";"NA";"NA";"NA";"NA";"NA";"NA";"NA";"NA";"NA";"NA";"NA";"NA";"NA";"NA";"NA";"NA";"NA";"NA";"NA";"NA";"NA";"NA";"NA";"NA";"NA";"NA";"NA";"NA";"NA";"NA";"NA";"NA";"NA";"NA";"NA";"NA";"NA";"NA";"NA";"NA";"NA";"NA";"NA";"NA";"NA";"NA";"1";"4.7826";"NA";"NA";"NA";"NA";"NA";"NA";"NA";"NA";"NA";"NA";"NA";"NA";"NA";"NA"
"8";"nordstrom";"nordstrom";"nordstrom";"nordstrom";"nordstrom";"nordstrom";"nordstrom";"nordstrom";"nordstrom";"nordstrom";"nordstrom";"nordstrom";"nordstrom";"nordstrom";"nordstrom";"nordstrom";"nordstrom";"nordstrom";"nordstrom";"nordstrom";"nordstrom";"nordstrom";"nordstrom";"nordstrom";"nordstrom";"nordstrom";"nordstrom";"nordstrom";"nordstrom";"nordstrom";"nordstrom";"nordstrom";"nordstrom";"nordstrom";"nordstrom";"nordstrom";"nordstrom";"nordstrom";"nordstrom";"nordstrom";"nordstrom";"nordstrom";"nordstrom";"nordstrom";"nordstrom";"nordstrom";"nordstrom";"nordstrom";"nordstrom";"nordstrom";"nordstrom";"nordstrom";"nordstrom";"nordstrom";"nordstrom";"nordstrom";"nordstrom";"nordstrom";"nordstrom";"nordstrom";"nordstrom";"nordstrom";"nordstrom";"nordstrom";"nordstrom";"nordstrom";"nordstrom";"nordstrom";"nordstrom";"nordstrom";"nordstrom";"nordstrom";"nordstrom";"nordstrom";"nordstrom";"nordstrom";"nordstrom";"nordstrom";"nordstrom";"nordstrom";"nordstrom";"nordstrom";"nordstrom";"nordstrom";"nordstrom";"nordstrom";"nordstrom";"nordstrom";"nordstrom";"nordstrom";"nordstrom";"nordstrom";"nordstrom";"nordstrom";"nordstrom";"nordstrom";"nordstrom";"nordstrom";"nordstrom";"nordstrom"
"9";"STANCE";"STANCE";"STANCE";"STANCE";"STANCE";"STANCE";"STANCE";"STANCE";"STANCE";"STANCE";"2(X)IST";"SAXX";"MOSMANN AUSTRALIA";"MOSMANN AUSTRALIA";"STANCE";"ETHIKA";"ETHIKA";"STANCE";"STANCE";"STANCE";"STANCE";"STANCE";"STANCE";"STANCE";"STANCE";"ETHIKA";"ETHIKA";"ETHIKA";"SAXX";"CALVIN KLEIN";"ANDREW CHRISTIAN";"CALVIN KLEIN";"TOMMY JOHN";"CALVIN KLEIN";"POLO RALPH LAUREN";"2(X)IST";"TOMMY JOHN";"BOSS";"CALVIN KLEIN";"CALVIN KLEIN";"TOMMY JOHN";"TOMMY JOHN";"BOSS";"TOMMY JOHN";"2(X)IST";"BOSS";"CALVIN KLEIN";"2(X)IST";"ANDREW CHRISTIAN";"POLO RALPH LAUREN";"BOSS";"BOSS";"STANCE";"ANDREW CHRISTIAN";"CALVIN KLEIN";"CALVIN KLEIN";"CALVIN KLEIN";"ROBERT GRAHAM";"TOMMY JOHN";"TOMMY JOHN";"BOSS";"BOSS";"BOSS";"ETHIKA";"CALVIN KLEIN";"TOMMY JOHN";"CALVIN KLEIN";"TOMMY JOHN";"POLO RALPH LAUREN";"ETHIKA";"ETHIKA";"ETHIKA";"ETHIKA";"SAXX";"SAXX";"SAXX";"SAXX";"TOMMY JOHN";"CALVIN KLEIN";"EMPORIO ARMANI";"ETHIKA";"ETHIKA";"SAXX";"SAXX";"MAJESTIC INTERNATIONAL";"TOMMY JOHN";"CALVIN KLEIN";"2(X)IST";"CALVIN KLEIN";"SAXX";"TOMMY JOHN";"2(X)IST";"CALVIN KLEIN";"TOMMY JOHN";"TOMMY JOHN";"ETHIKA";"STANCE";"STANCE";"ETHIKA";"ETHIKA"
