"product.id","key","value"
1,"type","boxer briefs"
10,"type","boxer briefs"
100,"type","boxer briefs"
11,"type","briefs"
12,"type","boxer briefs"
13,"type","briefs"
14,"type","boxer briefs"
15,"type","boxer briefs"
16,"type","briefs"
17,"type","boxers"
18,"type","briefs"
19,"type","trunks"
2,"type","briefs"
20,"type","briefs"
21,"type","trunks"
22,"type","boxer briefs"
23,"type","boxer briefs"
24,"type","trunks"
25,"type","boxer briefs"
26,"type","boxer briefs"
27,"type","boxer briefs"
28,"type","boxer briefs"
29,"type","boxer briefs"
3,"type","boxer briefs"
30,"type","boxer briefs"
31,"type","boxer briefs"
32,"type","boxer briefs"
33,"type","boxer briefs"
34,"type","briefs"
35,"type","boxer briefs"
36,"type","boxer briefs"
37,"type","boxer briefs"
38,"type","boxer briefs"
39,"type","briefs"
4,"type","boxer briefs"
40,"type","briefs"
41,"type","briefs"
42,"type","trunks"
43,"type","boxer briefs"
44,"type","trunks"
45,"type","boxer briefs"
46,"type","boxer briefs"
47,"type","boxer briefs"
48,"type","boxers"
49,"type","boxer briefs"
5,"type","boxer briefs"
50,"type","boxer briefs"
51,"type","boxer briefs"
52,"type","boxers"
53,"type","boxer briefs"
54,"type","boxers"
55,"type","boxer briefs"
56,"type","boxer briefs"
57,"type","boxer briefs"
58,"type","boxer briefs"
59,"type","boxer briefs"
6,"type","trunks"
60,"type","boxer briefs"
61,"type","briefs"
62,"type","boxer briefs"
63,"type","boxer briefs"
64,"type","trunks"
65,"type","trunks"
66,"type","boxers"
67,"type","briefs"
68,"type","trunks"
69,"type","briefs"
7,"type","briefs"
70,"type","boxer briefs"
71,"type","trunks"
72,"type","boxer briefs"
73,"type","trunks"
74,"type","trunks"
75,"type","boxer briefs"
76,"type","boxer briefs"
77,"type","trunks"
78,"type","trunks"
79,"type","trunks"
8,"type","boxers"
80,"type","boxer briefs"
81,"type","boxer briefs"
82,"type","boxer briefs"
83,"type","boxer briefs"
84,"type","boxer briefs"
85,"type","boxer briefs"
86,"type","boxer briefs"
87,"type","boxer briefs"
88,"type","trunks"
89,"type","trunks"
9,"type","trunks"
90,"type","briefs"
91,"type","boxer briefs"
92,"type","boxer briefs"
93,"type","boxer briefs"
94,"type","briefs"
95,"type","boxer briefs"
96,"type","boxer briefs"
97,"type","boxer briefs"
98,"type","boxer briefs"
99,"type","boxer briefs"
1,"type","boxer briefs"
10,"type","boxer briefs"
100,"type","boxer briefs"
11,"type","briefs"
12,"type","boxer briefs"
13,"type","boxer briefs"
14,"type","boxer briefs"
15,"type","boxer briefs"
16,"type","boxer briefs"
17,"type","boxer briefs"
18,"type","boxer briefs"
19,"type","boxer briefs"
2,"type","boxer briefs"
20,"type","boxer briefs"
21,"type","boxer briefs"
22,"type","boxer briefs"
23,"type","boxer briefs"
24,"type","boxer briefs"
25,"type","boxer briefs"
26,"type","boxer briefs"
27,"type","boxer briefs"
28,"type","boxer briefs"
29,"type","boxer briefs"
3,"type","boxer briefs"
30,"type","trunks"
31,"type","trunks"
32,"type","briefs"
33,"type","boxer briefs"
34,"type","trunks"
35,"type","boxers"
36,"type","trunks"
37,"type","trunks"
38,"type","trunks"
39,"type","boxer briefs"
4,"type","boxer briefs"
40,"type","trunks"
41,"type","trunks"
42,"type","boxer briefs"
43,"type","trunks"
44,"type","boxer briefs"
45,"type","briefs"
46,"type","trunks"
47,"type","boxer briefs"
48,"type","briefs"
49,"type","boxer briefs"
5,"type","boxer briefs"
50,"type","boxers"
51,"type","boxer briefs"
52,"type","trunks"
53,"type","boxer briefs"
54,"type","briefs"
55,"type","boxer briefs"
56,"type","briefs"
57,"type","boxer briefs"
58,"type","briefs"
59,"type","trunks"
6,"type","boxer briefs"
60,"type","trunks"
62,"type","boxers"
63,"type","trunks"
64,"type","boxer briefs"
65,"type","trunks"
66,"type","trunks"
67,"type","boxer briefs"
68,"type","trunks"
69,"type","boxer briefs"
7,"type","boxer briefs"
70,"type","boxer briefs"
71,"type","boxer briefs"
72,"type","boxer briefs"
73,"type","boxer briefs"
74,"type","boxer briefs"
75,"type","boxer briefs"
76,"type","boxer briefs"
77,"type","boxer briefs"
78,"type","boxer briefs"
79,"type","trunks"
8,"type","boxer briefs"
80,"type","trunks"
81,"type","boxer briefs"
82,"type","boxer briefs"
83,"type","boxer briefs"
84,"type","boxer briefs"
85,"type","boxers"
86,"type","boxer briefs"
87,"type","briefs"
88,"type","trunks"
89,"type","boxer briefs"
9,"type","boxer briefs"
90,"type","trunks"
91,"type","briefs"
92,"type","trunks"
93,"type","trunks"
94,"type","briefs"
95,"type","boxers"
96,"type","boxer briefs"
97,"type","boxer briefs"
98,"type","boxer briefs"
99,"type","boxer briefs"
1,"type","boxer briefs"
10,"type","trunks"
100,"type","boxer briefs"
101,"type","boxer briefs"
102,"type","trunks"
103,"type","boxer briefs"
104,"type","briefs"
105,"type","boxers"
106,"type","boxer briefs"
107,"type","boxer briefs"
108,"type","boxer briefs"
11,"type","boxer briefs"
110,"type","boxer briefs"
111,"type","boxer briefs"
112,"type","boxer briefs"
113,"type","boxer briefs"
114,"type","briefs"
115,"type","briefs"
116,"type","boxers"
117,"type","briefs"
12,"type","boxer briefs"
13,"type","boxer briefs"
14,"type","boxer briefs"
15,"type","boxer briefs"
16,"type","boxer briefs"
17,"type","boxer briefs"
18,"type","boxer briefs"
19,"type","briefs"
2,"type","boxer briefs"
20,"type","boxer briefs"
21,"type","trunks"
22,"type","boxers"
23,"type","trunks"
24,"type","boxer briefs"
25,"type","boxer briefs"
26,"type","boxer briefs"
27,"type","boxer briefs"
28,"type","boxers"
29,"type","boxer briefs"
3,"type","boxer briefs"
30,"type","trunks"
31,"type","briefs"
32,"type","trunks"
33,"type","trunks"
34,"type","boxer briefs"
35,"type","briefs"
36,"type","boxer briefs"
37,"type","boxer briefs"
38,"type","boxer briefs"
39,"type","boxer briefs"
4,"type","trunks"
40,"type","boxer briefs"
41,"type","boxers"
42,"type","briefs"
43,"type","boxer briefs"
44,"type","trunks"
45,"type","boxer briefs"
46,"type","boxer briefs"
47,"type","boxers"
48,"type","boxer briefs"
49,"type","trunks"
5,"type","briefs"
50,"type","trunks"
51,"type","boxer briefs"
52,"type","boxer briefs"
53,"type","boxer briefs"
54,"type","boxers"
55,"type","briefs"
56,"type","trunks"
57,"type","trunks"
58,"type","briefs"
59,"type","trunks"
6,"type","boxer briefs"
60,"type","trunks"
61,"type","briefs"
62,"type","boxer briefs"
63,"type","briefs"
64,"type","boxers"
65,"type","briefs"
66,"type","boxer briefs"
67,"type","boxer briefs"
68,"type","trunks"
69,"type","trunks"
7,"type","boxer briefs"
70,"type","boxer briefs"
71,"type","boxer briefs"
72,"type","trunks"
73,"type","trunks"
74,"type","briefs"
75,"type","boxer briefs"
76,"type","boxer briefs"
77,"type","boxer briefs"
78,"type","boxer briefs"
79,"type","trunks"
8,"type","boxer briefs"
80,"type","boxer briefs"
81,"type","boxer briefs"
82,"type","trunks"
83,"type","boxer briefs"
84,"type","boxer briefs"
85,"type","boxer briefs"
86,"type","boxer briefs"
87,"type","boxer briefs"
88,"type","boxer briefs"
89,"type","trunks"
9,"type","boxer briefs"
90,"type","trunks"
91,"type","boxer briefs"
92,"type","trunks"
93,"type","boxer briefs"
94,"type","boxer briefs"
95,"type","boxer briefs"
96,"type","boxer briefs"
97,"type","boxer briefs"
98,"type","boxer briefs"
99,"type","boxer briefs"
1,"name","U5555 Micromodal Boxer Briefs"
10,"name","'Intense Power' Microfiber Boxer Briefs"
100,"name","x Kevin Love Vibe Boxer Briefs"
11,"name","'Steel - U2715' Microfiber Hip Briefs"
12,"name","Iron Strength Boxer Briefs"
13,"name","Sliq Micro Mesh Sport Briefs"
14,"name","Stretch Cotton Boxer Briefs"
15,"name","Fiesta Stretch Cotton Boxer Briefs"
16,"name","'Intense Power' Microfiber Hip Briefs"
17,"name","Stripe Cotton Boxers"
18,"name","'Iron Strength' Briefs"
19,"name","Sliq Micro Trunks"
2,"name","'U5552' Micromodal Bikini Briefs"
20,"name","Micro Mesh Briefs"
21,"name","Tech Micro Mesh Trunks"
22,"name","Micro Mesh Boxer Briefs"
23,"name","Vibe Boxer Briefs"
24,"name","Air FX Low Rise Trunks"
25,"name","Star Warsâ<U+0084>¢ Boxer Briefs"
26,"name","Man of War Boxer Briefs"
27,"name","Jungle Cat Stretch Boxer Briefs"
28,"name","Silver Tiger Stretch Cotton Boxer Briefs"
29,"name","Bull Fight Stretch Boxer Briefs"
3,"name","'Vibe' Stretch Boxer Briefs"
30,"name","Lace Skull Stretch Boxer Briefs"
31,"name","Havana Whips Stretch Boxer Briefs"
32,"name","King of 3D Stretch Boxer Briefs"
33,"name","Moscow Nights Stretch Boxer Briefs"
34,"name","Mod Stretch Bikini Briefs"
35,"name","x Kevin Love Vibe Boxer Briefs"
36,"name","x Kevin Love Vibe Boxer Briefs"
37,"name","Del Mar Screaming Hand Boxer Briefs"
38,"name","Del Mar Plano Boxer Briefs"
39,"name","Sliq Micro Mesh Briefs"
4,"name","Steel U2719 Microfiber Boxer Briefs"
40,"name","Mod Stretch No-Show Briefs"
41,"name","Air FX Low Rise Briefs"
42,"name","Black Stretch Trunks"
43,"name","Woven Boxer Shorts"
44,"name","Iron Strength Low Rise Trunks"
45,"name","Boxer Shorts"
46,"name","2X OTF Boxer Briefs"
47,"name","Herringbone Stripe Silk Boxer Shorts"
48,"name","Cotton & Modal Boxers"
49,"name","Wholester Cartridge Boxer Briefs"
5,"name","'Second Skin' Boxer Briefs"
50,"name","Iron Strength Boxer Briefs"
51,"name","3Six Five Stretch Cotton Boxer Briefs"
52,"name","Micro Modal Blend Knit Boxers"
53,"name","Stretch Jersey Boxer Briefs"
54,"name","Print Cotton Boxers"
55,"name","Livingstone Stretch Micromodal Boxer Briefs"
56,"name","Hooked Mako Boxer Briefs"
57,"name","Sliq Stretch Microfiber Boxer Briefs"
58,"name","Micromodal Boxer Briefs"
59,"name","Second Skin Titanium Boxer Briefs"
6,"name","Steel U2716 Microfiber Low Rise Trunks"
60,"name","The Basilone - Mariner Stretch Modal Boxer Briefs"
61,"name","Second Skin Briefs"
62,"name","Aloha Stretch Micromodal Boxer Briefs"
63,"name","The Basilon - J. Harden Blinds Boxer Briefs"
64,"name","ID Organics Stretch Trunks"
65,"name","Second Skin Titanium Geo Print Trunks"
66,"name","Second Skin Titanium Boxers"
67,"name","Second Skin Titanium Briefs"
68,"name","ID Stretch Trunks"
69,"name","Stretch Cotton No-Show Briefs"
7,"name","Sliq Micro Briefs"
70,"name","The Basilone - Smoke Screen Boxer Briefs"
71,"name","Cool Cotton Trunks"
72,"name","Zone FX Boxer Briefs"
73,"name","Stretch Cotton Trunks"
74,"name","Stretch Cotton Trunks"
75,"name","Stretch Cotton Boxer Briefs"
76,"name","Air FX Low Rise Boxer Briefs"
77,"name","Stretch Cotton Trunks"
78,"name","Impressions Stretch Cotton Trunks"
79,"name","ID Stretch Cotton Trunks"
8,"name","Classic Fit Cotton Boxers"
80,"name","Cool Cotton Boxer Briefs"
81,"name","Luxe Stretch Boxer Briefs"
82,"name","Tech Stretch Boxer Briefs"
83,"name","Quest 2.0 Stretch Boxer Briefs"
84,"name","Tee Pee Stretch Micromodal Boxer Briefs"
85,"name","Luxe Stretch Micromodal Boxer Briefs"
86,"name","Tech Fusion Microfiber Boxer Briefs"
87,"name","Basilone Fourth Stretch Modal Boxer Briefs"
88,"name","Iron Strength Trunks"
89,"name","Stretch Pima Cotton Trunks"
9,"name","U5554 Micromodal Trunks"
90,"name","Stretch Pima Cotton No-Show Briefs"
91,"name","'Kinetic' Stretch Boxer Briefs"
92,"name","Stretch Boxer Briefs"
93,"name","Air FX Low Rise Boxer Briefs"
94,"name","Sliq Micro Briefs"
95,"name","Alumni 3M Boxer Briefs"
96,"name","Jahlil Boxer Briefs"
97,"name","Hood Nation Boxer Briefs"
98,"name","Ocean Snake Stretch Boxer Briefs"
99,"name","Patchworked Stretch Boxer Briefs"
1,"name","Del Mar Overspray Boxer Briefs"
10,"name","Visita Split Screen Relaxed Fit Boxer Briefs"
100,"name","Dubai Nights Stretch Boxer Briefs"
11,"name","Graphic Micro No-Show Brief"
12,"name","Pro Elite 2.0 Boxer Briefs"
13,"name","Oliver Stretch Micromodal Boxer Briefs"
14,"name","Zen Stretch Micromodal Boxer Briefs"
15,"name","Del Mar Star Warsâ<U+0084>¢ R2D2 Boxer Briefs"
16,"name","Shattered Stretch Boxer Briefs"
17,"name","Surf NASA Stretch Boxer Briefs"
18,"name","The Basilone - Shots Stretch Modal Boxer Briefs"
19,"name","Del Mar - Whiskey Cat Boxer Briefs"
2,"name","Del Mar Tiger Roses Boxer Briefs"
20,"name","The Wholester - Pueblo Boxer Briefs"
21,"name","The Wholester - Liner Boxer Briefs"
22,"name","Del Mar Boxer Briefs"
23,"name","Basilone Diamondhead Stretch Modal Boxer Briefs"
24,"name","The Wholester Boxer Briefs"
25,"name","The Wholester - J. Harden Boxer Briefs"
26,"name","Man Eater Stretch Boxer Briefs"
27,"name","Tiger Face Stretch Boxer Briefs"
28,"name","Alohas Stretch Boxer Briefs"
29,"name","'Platinum' Stretch Boxer Briefs"
3,"name","Visita Los Muertos Relaxed Fit Boxer Briefs"
30,"name","ID Stretch Cotton Trunks"
31,"name","BLACK Collection Trunks"
32,"name","Microfiber Hip Briefs"
33,"name","Air Icon Boxer Briefs"
34,"name","Intense Power Microfiber Low Rise Trunks"
35,"name","Cotton & Modal Boxers"
36,"name","Sliq Micro Trunks"
37,"name","Cool Cotton Trunks"
38,"name","Cotton Blend Trunks"
39,"name","ID Stretch Cotton Boxer Briefs"
4,"name","Basilone El Paso Boxer Briefs"
40,"name","Steel U2716 Microfiber Low Rise Trunks"
41,"name","Air Trunks"
42,"name","Air Boxer Briefs"
43,"name","Print Trunks"
44,"name","Cool Cotton Armory Boxer Briefs"
45,"name","Pima Cotton Contour Pouch Briefs"
46,"name","Signature Cotton & Modal Blend Trunks"
47,"name","Stretch Modal Boxer Briefs"
48,"name","Sliq Micro Briefs"
49,"name","Vibe Tagless Action Boxer Briefs"
5,"name","Delmar 1994 UW Boxer Briefs"
50,"name","Stretch Cotton Boxers"
51,"name","Cyclist Long Stretch Boxer Briefs"
52,"name","Modal Blend Trunks"
53,"name","The Basilone - Scuba Stretch Modal Boxer Briefs"
54,"name","Vibe Stretch Briefs"
55,"name","Stripe Boxer Briefs"
56,"name","'Steel - U2715' Microfiber Hip Briefs"
57,"name","Steel U2719 Microfiber Boxer Briefs"
58,"name","Print Stretch Cotton Briefs"
59,"name","Second Skin Titanium Trunks"
6,"name","Visita Rune Relaxed Fit Boxer Briefs"
60,"name","Cool Cotton Surf Stripe Trunks"
62,"name","'24' Stretch Cotton Blend Boxers"
63,"name","SeaCellÂ® Trunks"
64,"name","Stretch Cotton Boxer Briefs"
65,"name","Iron Strength Low Rise Trunks"
66,"name","'Second Skin' Square Cut Trunks"
67,"name","Air FX Low Rise Boxer Briefs"
68,"name","'Second Skin' Trunks"
69,"name","Stretch Cotton Boxer Briefs"
7,"name","Basilone Valentine Bones Boxer Briefs"
70,"name","Space Skaters Stretch Boxer Briefs"
71,"name","Panda Stretch Boxer Briefs"
72,"name","Bear Creek Stretch Boxer Briefs"
73,"name","Dirty Soda 2 Stretch Boxer Briefs"
74,"name","'Vibe' Stretch Boxer Briefs"
75,"name","'Vibe' Stretch Boxer Briefs"
76,"name","'Vibe' Stretch Boxer Briefs"
77,"name","Strike Boxer Briefs"
78,"name","'Cool Cotton' Boxer Briefs"
79,"name","Origins Low Rise Stretch Cotton Trunks"
8,"name","Mercato Flamingo Flowers Boxer Briefs"
80,"name","Stretch Cotton Trunks"
81,"name","Infrared Stretch Cotton Boxer Briefs"
82,"name","Heathered Stretch Cotton Boxer Briefs"
83,"name","Platinum Stretch Boxer Briefs"
84,"name","Vibe Stretch Boxer Briefs"
85,"name","Cypress Silk Boxers"
86,"name","Cool Cotton Boxer Briefs"
87,"name","ID Stretch Cotton Briefs"
88,"name","Stretch Cotton Trunks"
89,"name","Iron Strength Boxer Briefs"
9,"name","Wholester Geo Break Boxer Briefs"
90,"name","Vibe Stretch Trunks"
91,"name","Second Skin Titanium Briefs"
92,"name","'Electric' No-Show Trunks"
93,"name","Steel U2716 Microfiber Low Rise Trunks"
94,"name","Cool Cotton Armory Briefs"
95,"name","Cool Cotton Bold Boxers"
96,"name","Diamond Lip Stretch Boxer Briefs"
97,"name","Del Mar - Temple Boxer Briefs"
98,"name","Basilone Doorman Stretch Modal Boxer Briefs"
99,"name","Aftermath Stretch Boxer Briefs"
1,"name","Garden Stretch Cotton Boxer Briefs"
10,"name","'Air' Icon Trunks"
100,"name","Modal Blend Boxer Briefs"
101,"name","Stripe Stretch Cotton Boxer Briefs"
102,"name","Stretch Cotton Trunks"
103,"name","Give-N-Go Sport Mesh Boxer Briefs"
104,"name","Ex Officio Give-N-Go Briefs"
105,"name","Cotton Boxers"
106,"name","Quest 2.0 Stretch Boxer Briefs"
107,"name","365 Boxer Briefs"
108,"name","Pro Elite 2.0 Boxer Briefs"
11,"name","Slim Fit Stretch Woven Boxer Shorts"
110,"name","'U1029' Slim Fit Boxer Shorts"
111,"name","Iron Strength Boxer Briefs"
112,"name","'Vibe' Stretch Boxer Briefs"
113,"name","'Vibe' Stretch Boxer Briefs"
114,"name","'Ultra' Long Underwear"
115,"name","'Ultra' Long Underwear"
116,"name","Knights in Shining Silk Boxers"
117,"name","Pima Cotton Contour Pouch Briefs"
12,"name","Basilone Staple Stretch Modal Boxer Briefs"
13,"name","'Vibe' Stretch Boxer Briefs"
14,"name","Del Mar Star Warsâ<U+0084>¢ Darth Vader Boxer Briefs"
15,"name","Del Mar Star Warsâ<U+0084>¢ Stormtrooper Boxer Briefs"
16,"name","The Wholester - Annex Floral Boxer Briefs"
17,"name","Del Mar - Flamingo Nights Boxer Briefs"
18,"name","Cool Cotton Armory Boxer Briefs"
19,"name","Maximize Brief"
2,"name","'You a Cheetah' Stretch Boxer Briefs"
20,"name","Bears Stretch Boxer Briefs"
21,"name","Modal Blend Low Rise Trunks"
22,"name","Cypress Silk Boxers"
23,"name","Modern Stretch Modal Trunks"
24,"name","Second Skin Titanium Boxer Briefs"
25,"name","Cool Cotton Boxer Briefs"
26,"name","Wholester Centerfire Stretch Modal Boxer Briefs"
27,"name","Overprint Stretch Cotton Boxer Briefs"
28,"name","Stripe Stretch Boxers"
29,"name","Stretch Pima Cotton Boxer Briefs"
3,"name","Wholester Burnout Stretch Modal Boxer Briefs"
30,"name","Stretch Cotton Trunks"
31,"name","Second Skin Titanium Briefs"
32,"name","'Electric' No-Show Trunks"
33,"name","Steel U2716 Microfiber Low Rise Trunks"
34,"name","Wholester Burnout Stretch Modal Boxer Briefs"
35,"name","Almost Naked Briefs"
36,"name","Del Mar - Flamingo Nights Boxer Briefs"
37,"name","Cool Cotton Armory Boxer Briefs"
38,"name","Second Skin Titanium Boxer Briefs"
39,"name","Stretch Pima Cotton Boxer Briefs"
4,"name","Rugby No-Show Trunks"
40,"name","Pima Cotton Boxer Briefs"
41,"name","Cypress Silk Boxers"
42,"name","Sliq Microfiber Thong"
43,"name","The Wholester - Annex Floral Boxer Briefs"
44,"name","'Cool Cotton' Trunks"
45,"name","Slim Fit Stretch Woven Boxer Shorts"
46,"name","Wholester Centerfire Stretch Modal Boxer Briefs"
47,"name","Stripe Stretch Boxers"
48,"name","Almost Naked Tagless Sports Boxer Briefs"
49,"name","Modern Stretch Modal Trunks"
5,"name","Iron Strength Briefs"
50,"name","St. Patrick's Day Stretch Cotton Trunks"
51,"name","Basilone Staple Stretch Modal Boxer Briefs"
52,"name","Pop Scratches Stretch Boxer Briefs"
53,"name","'Vibe' Stretch Boxer Briefs"
54,"name","Cypress Silk Boxers"
55,"name","Liquid Stretch Microfiber Briefs"
56,"name","Cotton & Modal Blend Microjacquard Trunks"
57,"name","'Maximize' Trunks"
58,"name","Trend Stretch Microfiber Briefs"
59,"name","Liquid Stretch Microfiber Trunks"
6,"name","'Second Skin' Boxer Briefs"
60,"name","Stripe Trunks"
61,"name","Stretch Cotton No-Show Briefs"
62,"name","Marble Floor Stretch Cotton Boxer Briefs"
63,"name","'Iron Strength' Briefs"
64,"name","Second Skin Titanium Boxers"
65,"name","'Lift' Stretch Cotton Briefs"
66,"name","Print Stretch Cotton Boxer Briefs"
67,"name","Cool Cotton Boxer Briefs"
68,"name","Modal Blend Low Rise Trunks"
69,"name","'Lift' Stretch Cotton Trunks"
7,"name","Solid Stretch Modal Boxer Briefs"
70,"name","'Vibe' Stretch Boxer Briefs"
71,"name","Stretch Boxer Briefs"
72,"name","Modal Blend Low Rise Trunks"
73,"name","Second Skin Titanium Trunks"
74,"name","'Intense Power' Microfiber Hip Briefs"
75,"name","Ex Officio Give-N-Go Sport Mesh Boxer Briefs"
76,"name","Form Shaping Contour Boxer Briefs"
77,"name","Stretch Cotton Boxer Briefs"
78,"name","Basilone Sunburst Stretch Modal Boxer Briefs"
79,"name","Cool Cotton Trunks"
8,"name","Vibe Stretch Boxer Briefs"
80,"name","'Intense Power' Microfiber Boxer Briefs"
81,"name","Snake Me Stretch Boxer Briefs"
82,"name","Cool Cotton Trunks"
83,"name","Hexagon Stretch Boxer Briefs"
84,"name","'Kinetic' Stretch Boxer Briefs"
85,"name","Microfiber Boxer Briefs"
86,"name","Golden Ticket Stretch Boxer Briefs"
87,"name","'Vibe' Stretch Boxer Briefs"
88,"name","'Cool Cotton' Boxer Briefs"
89,"name","Intense Power Microfiber Low Rise Trunks"
9,"name","Kinetic Stretch Boxer Briefs"
90,"name","Graphic Cotton Trunks"
91,"name","Print Stretch Cotton Boxer Briefs"
92,"name","U5554 Micromodal Trunks"
93,"name","CoolFlex Tagless Sports Boxer Briefs"
94,"name","Cyclist Stretch Boxer Briefs"
95,"name","Boxer Shorts"
96,"name","Ex Officio Give-N-Go Sport Mesh Boxer Briefs"
97,"name","U5555 Micromodal Boxer Briefs"
98,"name","Air FX Microfiber Boxer Briefs"
99,"name","Give-N-Go Sport Mesh Boxer Briefs"
1,"color","alliumpurple"
1,"color","blueshadow"
1,"color","mink"
1,"color","orangerouge"
1,"color","perpetua"
1,"color","prussian"
1,"color","white"
10,"color","black"
10,"color","cobaltwater"
100,"color","camocollision"
11,"color","black"
11,"color","crownblue/redstripe"
11,"color","mink"
11,"color","white"
12,"color","blueshadow"
12,"color","callaorange"
12,"color","dodgerblue"
12,"color","white"
13,"color","orangetiedye"
14,"color","cruisenavystripe"
14,"color","flaggreenstripe"
14,"color","jewelblue"
14,"color","jewelbluestripe"
14,"color","oldschoolpink"
14,"color","redstripe"
15,"color","heatherblackpalm"
15,"color","navypineapplebomb"
16,"color","black"
16,"color","cobaltwater"
16,"color","white"
17,"color","blueplaid"
17,"color","clarkbluestripe"
17,"color","coralplaid"
17,"color","nantucketorangeplaid"
18,"color","particleblue"
19,"color","estateblue"
2,"color","black"
2,"color","blueshadow"
2,"color","mink"
2,"color","white"
20,"color","black"
20,"color","bluecamo"
20,"color","heathergrey"
20,"color","lapisblue"
21,"color","black"
21,"color","heathergrey"
22,"color","black"
23,"color","brightcamo"
23,"color","darkcharcoalluckysailor"
23,"color","redhikerstripe"
24,"color","black"
24,"color","brilliantred"
24,"color","cobaltwater"
24,"color","white"
25,"color","black"
26,"color","blue"
27,"color","blue/multi"
28,"color","black/red"
29,"color","black/multi"
3,"color","blackjaws"
3,"color","blackstripe"
3,"color","black/gradientstripe"
3,"color","brightnavy"
3,"color","cobalt/gradientstripe"
3,"color","desert"
3,"color","electric/brightstripe"
3,"color","greypineapplebomb"
3,"color","heathermagnumhawaii"
3,"color","hikerredstripe"
3,"color","indigo"
3,"color","oceanheather"
3,"color","oceanvintagepalm"
3,"color","redluckysailor"
3,"color","redmagnumhawaii"
3,"color","redparadise"
3,"color","saltandpepper"
3,"color","tonalpurplehikerstripe"
3,"color","woodland"
30,"color","white/black"
31,"color","black/white"
32,"color","black"
33,"color","fuchsia/multi"
34,"color","minileopard"
35,"color","chambrayamericana"
36,"color","lumberjackcamo"
37,"color","black"
38,"color","blue/brown"
39,"color","indigotiedye"
4,"color","black"
4,"color","blueice"
4,"color","crownblue"
4,"color","crownblue/redstripe"
4,"color","darkmidnight"
4,"color","iceblue/rapturestripe"
4,"color","mink"
4,"color","paradise/orangerougestripe"
4,"color","rapture"
4,"color","white"
40,"color","spacerlapisblue"
41,"color","black"
41,"color","brilliantred"
41,"color","cobaltwater"
41,"color","white"
42,"color","black"
42,"color","blueshadow"
42,"color","greysky"
43,"color","andrewblue"
43,"color","biminiplaid"
43,"color","black"
43,"color","chelseablack"
43,"color","classicblue"
43,"color","navy"
43,"color","pinkregentstripe"
43,"color","red/eliteblue"
44,"color","brightlime"
44,"color","particleblue"
45,"color","cruisenavy"
45,"color","flaggreen"
45,"color","logansapphire"
45,"color","madisonpink"
46,"color","blue"
47,"color","mahogany"
47,"color","night"
47,"color","silver"
48,"color","andoverheather/nevisstripe"
48,"color","cruisenavy"
48,"color","cruisenavy/nevispaisley"
48,"color","navy/nevisstripe"
49,"color","black"
49,"color","navy"
5,"color","black"
5,"color","dressblues"
5,"color","turbulencegrey"
5,"color","white"
50,"color","brightlime"
50,"color","particleblue"
51,"color","charcoalpolkadot"
52,"color","black"
52,"color","graphitegrey"
52,"color","navy"
53,"color","andoverhe"
53,"color","clubroyal"
53,"color","poloblack"
53,"color","ralphlaurenred"
54,"color","cruisenavydot"
54,"color","reddot"
54,"color","royalbluedot"
55,"color","black"
55,"color","navy"
56,"color","blue"
57,"color","black"
58,"color","graphitegrey"
58,"color","navy"
58,"color","white"
59,"color","black"
59,"color","dressblues"
59,"color","imperialblue"
6,"color","crownblue"
6,"color","crownblue/redstripe"
6,"color","rapture"
6,"color","regalred"
60,"color","black"
60,"color","navy"
61,"color","black"
61,"color","turbulencegrey"
61,"color","white"
62,"color","navy"
63,"color","black"
64,"color","feathersprint"
64,"color","palmsprint"
65,"color","blackgeoprint"
65,"color","dressbluesgeoprint"
66,"color","dressblues"
67,"color","black"
68,"color","amplifiedwave"
68,"color","blackdjprint"
68,"color","turntable"
69,"color","abstractfloralpoppy"
7,"color","jetgrey"
7,"color","skyblue"
70,"color","white"
71,"color","black"
71,"color","blue"
71,"color","irongrey"
71,"color","navy"
72,"color","black/powerblue"
72,"color","black/powerorange"
72,"color","black/poweryellow"
72,"color","powerblue"
72,"color","powerorange"
73,"color","blue"
73,"color","red"
74,"color","blue"
74,"color","red"
75,"color","bouyplaid"
75,"color","bouytossedbunny"
75,"color","kumquatstripe"
75,"color","peacoatbunny"
76,"color","brilliantred"
76,"color","cobaltwater"
77,"color","marrakesh"
77,"color","splash"
78,"color","bulldog"
78,"color","carnevale"
78,"color","royalskull"
79,"color","black/callaorange"
79,"color","black/white"
79,"color","bluepulse/black"
79,"color","callaorange/black"
8,"color","black/purple"
8,"color","blueplaid"
8,"color","blue/red"
8,"color","white"
80,"color","blacksurfstripe"
80,"color","bluecloudsurfstripe"
80,"color","whitesurfstripe"
81,"color","anthracite"
81,"color","bluebell"
81,"color","charcoalgrey"
82,"color","charcoalgrey"
82,"color","larkspur"
82,"color","poppyred"
83,"color","black/darkcharcoal"
83,"color","darkcharcoal"
84,"color","green/navy"
84,"color","red/navy"
85,"color","black"
85,"color","navy"
86,"color","brightflash"
86,"color","greysky"
86,"color","impactred"
86,"color","lynxblue"
86,"color","white"
87,"color","black"
87,"color","blue"
88,"color","black"
88,"color","blueshadow"
88,"color","white"
89,"color","barbadoscherry"
89,"color","black"
89,"color","problue"
9,"color","black"
9,"color","blueshadow"
9,"color","mink"
90,"color","black"
90,"color","problue"
91,"color","black/rock"
91,"color","brightnavy/red"
91,"color","navy/neongreen"
92,"color","black"
92,"color","blueshadow"
92,"color","greysky"
93,"color","paradiseblue"
94,"color","blackwaveprint"
95,"color","black"
96,"color","blue"
97,"color","black/red"
98,"color","black/blue"
99,"color","black/multi"
1,"color","navy"
10,"color","navy/black"
100,"color","bluemulti"
11,"color","sunsetpalmtrees"
12,"color","black"
13,"color","navy/lightbluestripe"
14,"color","navy"
15,"color","blue"
16,"color","white/black"
17,"color","purple/bluemulti"
18,"color","black"
19,"color","grey"
2,"color","black"
20,"color","black"
21,"color","grey"
22,"color","blue"
23,"color","black"
24,"color","grey"
25,"color","black"
26,"color","blue/redmulti"
27,"color","black/white"
28,"color","bluemulti"
29,"color","brickredpaisley"
3,"color","navy"
30,"color","black"
30,"color","bluepulse"
30,"color","brightyellowflash"
30,"color","greyheather"
30,"color","paradiseblue"
30,"color","white"
30,"color","wildpink"
31,"color","burgundy"
31,"color","heathergrey"
32,"color","black"
32,"color","blueshadow"
32,"color","greysky"
33,"color","black"
33,"color","dressblues"
33,"color","turbulencegrey"
34,"color","cobaltwater"
34,"color","white"
35,"color","cruisenavy/red"
35,"color","neviswhite/cruisenavy"
35,"color","red/nevis"
36,"color","black"
36,"color","black/black"
36,"color","black/neonyellow"
37,"color","blackcolorblock"
37,"color","dressbluescolorblock"
37,"color","turbulencecolorblock"
38,"color","blue"
38,"color","brightblue"
38,"color","red"
39,"color","black"
39,"color","bluepulse"
39,"color","brightyellowflash"
39,"color","chaosblackprint"
39,"color","greyheather"
39,"color","inclinestripeamora"
39,"color","paradiseblue"
39,"color","white"
39,"color","wildpink"
4,"color","orange"
40,"color","black"
40,"color","darkmidnight"
40,"color","iceblue/rapturestripe"
40,"color","mink"
40,"color","white"
41,"color","brilliantblue"
41,"color","dressblues"
41,"color","turbulence"
42,"color","black"
42,"color","brilliantblue"
42,"color","turbulence"
43,"color","blue"
44,"color","bluedolphin"
45,"color","estateblue"
45,"color","white"
46,"color","black"
47,"color","amplifiedblue"
48,"color","black"
49,"color","black"
5,"color","black"
50,"color","cruisenavypaisley"
51,"color","black"
52,"color","charcoal"
52,"color","mediumblue"
53,"color","navy"
54,"color","red"
55,"color","casperblue/starferrystripe"
55,"color","prussian/orangerougestripe"
55,"color","tuscan/hunterstripe"
56,"color","amorarebelstripe"
56,"color","pink"
56,"color","rebelneon"
57,"color","amorarebelstripe"
57,"color","orangerouge"
57,"color","paradiseblue"
57,"color","paradise/blackstripe"
57,"color","pink"
57,"color","rebelblackstripe"
57,"color","rebelneon"
58,"color","marrakesh"
58,"color","skullheads"
58,"color","splash"
59,"color","dressblues"
59,"color","grape"
59,"color","imperialblue"
59,"color","palmgreen"
59,"color","revolutionred"
6,"color","grey"
60,"color","blacksurfstripe"
60,"color","bluecloudsurfstripe"
60,"color","whitesurfstripe"
62,"color","blue"
62,"color","green"
63,"color","darkblue"
63,"color","white"
64,"color","black"
64,"color","blue"
64,"color","grey"
64,"color","red"
65,"color","amplifiedblue"
65,"color","bluepulse"
65,"color","paradiseblue"
65,"color","regalred"
65,"color","tigerwing"
66,"color","black"
66,"color","dressblues"
67,"color","black"
67,"color","white"
68,"color","dressblues"
68,"color","turbulencegrey"
68,"color","white"
69,"color","cruisenavymauibluestripe"
69,"color","elmwoodgreencamo"
69,"color","franklinred/metallicgold"
69,"color","pacificroyalgeocamo"
69,"color","pacificroyal/metallicgold"
69,"color","redgeocamo"
7,"color","red"
70,"color","black/fuchsia"
71,"color","black/white"
72,"color","black"
73,"color","aqua/fuchsia"
74,"color","u.s.a./brightnavy"
75,"color","royallumberjackplaid"
76,"color","heatherluckysailor"
77,"color","blackout"
78,"color","mightyblue"
79,"color","black"
79,"color","heathergrey"
79,"color","white"
8,"color","blue"
80,"color","marineblue"
80,"color","smoke"
81,"color","red"
82,"color","blackheather"
83,"color","blackstarrynight"
84,"color","bluecamo"
85,"color","skyblue"
86,"color","black"
86,"color","blue"
86,"color","grey"
86,"color","irongrey"
86,"color","navy"
86,"color","white"
87,"color","black"
87,"color","bluepulse"
87,"color","brightyellowflash"
87,"color","greyheather"
87,"color","paradiseblue"
87,"color","white"
87,"color","wildpink"
88,"color","black/white"
88,"color","camodarkorange"
88,"color","camosailornavy"
89,"color","amplifiedblue"
89,"color","bluepulse"
89,"color","paradiseblue"
89,"color","tigerwing"
9,"color","navy"
90,"color","black"
90,"color","brightcamo"
91,"color","imperialblue"
92,"color","oceandepths"
93,"color","rebelblackstripe"
94,"color","ultramarine"
95,"color","blacksurfstripe"
96,"color","red"
97,"color","grey"
98,"color","orange"
99,"color","black/white"
1,"color","black/green"
10,"color","lakeblue"
100,"color","blueshadow"
101,"color","openblue"
102,"color","blue"
103,"color","stop"
104,"color","white"
105,"color","coralplaid"
106,"color","hunterombre"
107,"color","cobaltstripe"
107,"color","heatherblanketstripe"
108,"color","black/forest"
11,"color","clarkplaid"
11,"color","daviesplaid"
110,"color","charcoal"
111,"color","black"
111,"color","blueshadow"
112,"color","marinerstripe"
113,"color","darkolivecombo"
114,"color","black"
115,"color","realtree/black"
116,"color","black"
117,"color","black"
12,"color","black"
13,"color","bluebindingstripe"
13,"color","blueheatherstripe"
13,"color","brightnavyhiker"
13,"color","brightstripe"
13,"color","outbackstripe"
13,"color","redbindingstripe"
13,"color","tonalnavyhikerstripe"
14,"color","black"
15,"color","grey"
16,"color","green"
17,"color","red"
18,"color","black"
18,"color","dressblues"
18,"color","turbulencegrey"
18,"color","ultramarine"
19,"color","black"
2,"color","yellow/natural"
20,"color","brown"
21,"color","black"
22,"color","navy"
23,"color","amplifiedblue"
24,"color","dressbluesstripe"
24,"color","skybluestripe"
25,"color","dressbluescolorblock"
25,"color","turbulencecolorblock"
26,"color","black"
27,"color","mediumblue"
27,"color","mediumgreen"
28,"color","brightred"
29,"color","black"
29,"color","problue"
3,"color","army"
3,"color","blue"
30,"color","black/white"
30,"color","camodarkorange"
30,"color","camosailornavy"
31,"color","imperialblue"
32,"color","oceandepths"
33,"color","rebelblackstripe"
34,"color","army"
34,"color","blue"
35,"color","red"
36,"color","red"
37,"color","black"
37,"color","dressblues"
37,"color","turbulencegrey"
37,"color","ultramarine"
38,"color","dressbluesstripe"
38,"color","skybluestripe"
39,"color","black"
39,"color","problue"
4,"color","artisansgold"
4,"color","cobalt"
4,"color","hautered"
40,"color","estateblue"
40,"color","white"
41,"color","navy"
42,"color","black"
42,"color","blackwaveprint"
43,"color","green"
44,"color","honestred"
44,"color","mightyblue"
45,"color","clarkplaid"
45,"color","daviesplaid"
46,"color","black"
47,"color","brightred"
48,"color","royal"
49,"color","amplifiedblue"
5,"color","blueshadow"
5,"color","white"
50,"color","verdegreen"
51,"color","black"
52,"color","black/neonpink"
53,"color","tidehikerstripe"
54,"color","skyblue"
55,"color","blueshadow"
55,"color","mayablue"
55,"color","white"
56,"color","darkgrey"
57,"color","black"
58,"color","ink"
58,"color","lagoon"
59,"color","black"
59,"color","blueshadow"
59,"color","mayablue"
59,"color","white"
6,"color","blackdot"
60,"color","casperblue/starferrystripe"
60,"color","tuscan/hunterstripe"
61,"color","black"
61,"color","black/white"
61,"color","camodarkorange"
61,"color","camogreen"
62,"color","blackwhite"
63,"color","bluepulse"
63,"color","paradiseblue"
63,"color","regalred"
64,"color","black"
65,"color","black"
66,"color","navyblue"
67,"color","mykonosblue"
68,"color","blueshadow"
69,"color","black"
7,"color","black"
7,"color","darkgray"
7,"color","lightgrey"
70,"color","redlumberjackplaid"
71,"color","blue"
71,"color","white"
72,"color","black"
73,"color","orangejubilee"
74,"color","cyberyellow"
74,"color","riskred"
75,"color","curfew"
75,"color","stop"
76,"color","black"
77,"color","black/grey"
78,"color","navy"
78,"color","red"
79,"color","gunmetalgrey"
8,"color","purplegradientstripe"
80,"color","cyberyellow"
80,"color","riskred"
81,"color","natural/black"
82,"color","grey"
82,"color","mykonosblue"
83,"color","yellow/blackombre"
84,"color","black/cobalt"
84,"color","black/orange"
85,"color","grey"
86,"color","gold"
87,"color","black/steel/white"
88,"color","honestred"
89,"color","cyberyellow"
89,"color","riskred"
9,"color","black/electricblue"
90,"color","black/whitestripe"
91,"color","orange"
92,"color","tuscan"
93,"color","navy"
94,"color","darkblue"
94,"color","mediumblue"
95,"color","franklinred"
95,"color","pacificroyal"
95,"color","squirepurple"
96,"color","white"
97,"color","tuscan"
98,"color","dimensionplaidskyview"
99,"color","white"
1,"material","spandex"
1,"material","lycra"
10,"material","polyester"
10,"material","elastane"
100,"material","spandex"
100,"material","viscose"
11,"material","nylon"
11,"material","elastane"
12,"material","polyester"
12,"material","elastane"
13,"material","polyester"
13,"material","spandex"
13,"material","microfiber"
14,"material","cotton"
14,"material","cotton"
14,"material","spandex"
15,"material","cotton"
15,"material","cotton"
15,"material","spandex"
15,"material","mesh"
16,"material","polyester"
16,"material","elastane"
17,"material","cotton"
17,"material","cotton"
18,"material","nylon"
18,"material","elastane"
19,"material","polyester"
19,"material","spandex"
2,"material","spandex"
2,"material","elastic"
2,"material","elastic"
20,"material","polyester"
20,"material","spandex"
20,"material","fabric"
21,"material","polyester"
21,"material","spandex"
21,"material","fabric"
22,"material","polyester"
22,"material","spandex"
22,"material","fabric"
23,"material","spandex"
23,"material","viscose"
24,"material","nylon"
24,"material","elastane"
25,"material","polyester"
25,"material","elastane"
26,"material","polyester"
26,"material","spandex"
26,"material","fabric"
27,"material","polyester"
27,"material","spandex"
27,"material","fabric"
28,"material","cotton"
28,"material","cotton"
28,"material","spandex"
29,"material","polyester"
29,"material","spandex"
29,"material","fabric"
3,"material","spandex"
3,"material","viscose"
3,"material","mesh"
30,"material","polyester"
30,"material","spandex"
30,"material","fabric"
31,"material","polyester"
31,"material","spandex"
31,"material","fabric"
32,"material","polyester"
32,"material","spandex"
32,"material","fabric"
33,"material","polyester"
33,"material","spandex"
33,"material","fabric"
35,"material","spandex"
35,"material","viscose"
36,"material","spandex"
36,"material","viscose"
37,"material","cotton"
37,"material","cotton"
37,"material","spandex"
38,"material","cotton"
38,"material","cotton"
38,"material","spandex"
39,"material","polyester"
39,"material","spandex"
39,"material","microfiber"
4,"material","nylon"
4,"material","elastane"
40,"material","spandex"
40,"material","fabric"
41,"material","nylon"
41,"material","elastane"
42,"material","nylon"
42,"material","elastane"
42,"material","elastic"
43,"material","cotton"
43,"material","elastic"
44,"material","nylon"
44,"material","elastane"
45,"material","cotton"
45,"material","elastic"
46,"material","polyester"
46,"material","spandex"
47,"material","silk"
47,"material","silk"
47,"material","elastic"
47,"material","jacquard"
48,"material","cotton"
48,"material","cotton"
49,"material","polyester"
49,"material","elastane"
5,"material","silk"
5,"material","spandex"
5,"material","fabric"
50,"material","nylon"
50,"material","elastane"
51,"material","cotton"
51,"material","cotton"
51,"material","spandex"
52,"material","cotton"
52,"material","cotton"
52,"material","spandex"
53,"material","cotton"
53,"material","cotton"
53,"material","spandex"
54,"material","cotton"
54,"material","cotton"
55,"material","elastane"
56,"material","polyester"
56,"material","spandex"
57,"material","polyester"
57,"material","spandex"
57,"material","microfiber"
58,"material","cotton"
58,"material","cotton"
58,"material","spandex"
59,"material","spandex"
59,"material","fabric"
6,"material","nylon"
6,"material","microfiber"
6,"material","elastane"
6,"material","elastic"
6,"material","fabric"
60,"material","polyester"
60,"material","spandex"
60,"material","knit"
61,"material","silk"
61,"material","spandex"
61,"material","microfiber"
62,"material","elastane"
63,"material","spandex"
63,"material","elastic"
64,"material","nylon"
64,"material","microfiber"
64,"material","elastane"
65,"material","spandex"
65,"material","fabric"
66,"material","spandex"
66,"material","fabric"
67,"material","spandex"
67,"material","fabric"
68,"material","nylon"
68,"material","microfiber"
68,"material","elastane"
69,"material","cotton"
69,"material","spandex"
7,"material","polyester"
7,"material","spandex"
70,"material","spandex"
70,"material","elastic"
70,"material","knit"
71,"material","cotton"
71,"material","cotton"
71,"material","cotton"
71,"material","spandex"
72,"material","polyester"
72,"material","nylon"
72,"material","elastane"
72,"material","fabric"
73,"material","cotton"
73,"material","cotton"
73,"material","elastane"
74,"material","cotton"
74,"material","cotton"
74,"material","elastane"
75,"material","cotton"
75,"material","cotton"
75,"material","spandex"
75,"material","elastic"
76,"material","nylon"
76,"material","elastane"
77,"material","cotton"
77,"material","cotton"
77,"material","spandex"
78,"material","cotton"
78,"material","cotton"
78,"material","spandex"
79,"material","cotton"
79,"material","cotton"
79,"material","elastane"
8,"material","cotton"
8,"material","cotton"
8,"material","cotton"
80,"material","cotton"
80,"material","cotton"
80,"material","cotton"
80,"material","spandex"
81,"material","spandex"
81,"material","spandex"
81,"material","elastic"
81,"material","elastic"
82,"material","spandex"
82,"material","nylon"
82,"material","elastic"
82,"material","elastic"
82,"material","fabric"
83,"material","polyester"
83,"material","spandex"
83,"material","nylon"
83,"material","mesh"
84,"material","elastane"
85,"material","elastane"
86,"material","nylon"
86,"material","microfiber"
86,"material","elastane"
87,"material","spandex"
87,"material","fabric"
88,"material","nylon"
88,"material","elastane"
89,"material","cotton"
89,"material","cotton"
89,"material","spandex"
9,"material","elastane"
9,"material","elastic"
9,"material","lycra"
90,"material","cotton"
90,"material","cotton"
90,"material","spandex"
91,"material","spandex"
91,"material","nylon"
91,"material","mesh"
91,"material","mesh"
92,"material","spandex"
92,"material","nylon"
92,"material","lycra"
93,"material","nylon"
93,"material","elastane"
94,"material","polyester"
94,"material","spandex"
95,"material","polyester"
95,"material","spandex"
96,"material","polyester"
96,"material","spandex"
97,"material","cotton"
97,"material","cotton"
97,"material","spandex"
98,"material","cotton"
98,"material","spandex"
98,"material","fabric"
99,"material","cotton"
99,"material","spandex"
99,"material","fabric"
1,"material","cotton"
1,"material","cotton"
1,"material","spandex"
10,"material","cotton"
10,"material","cotton"
10,"material","combed"
10,"material","knit"
100,"material","polyester"
100,"material","spandex"
100,"material","fabric"
11,"material","polyester"
11,"material","spandex"
12,"material","polyester"
12,"material","spandex"
12,"material","fabric"
13,"material","elastane"
14,"material","elastane"
15,"material","cotton"
15,"material","elastane"
15,"material","elastic"
16,"material","cotton"
16,"material","spandex"
16,"material","fabric"
17,"material","polyester"
17,"material","spandex"
17,"material","elastic"
17,"material","fabric"
18,"material","spandex"
18,"material","elastic"
19,"material","cotton"
19,"material","elastane"
19,"material","elastic"
19,"material","knit"
2,"material","cotton"
2,"material","cotton"
2,"material","spandex"
20,"material","spandex"
20,"material","elastic"
21,"material","spandex"
21,"material","elastic"
22,"material","cotton"
22,"material","elastane"
22,"material","elastic"
23,"material","spandex"
23,"material","fabric"
24,"material","spandex"
24,"material","elastic"
25,"material","spandex"
25,"material","elastic"
25,"material","elastic"
26,"material","polyester"
26,"material","spandex"
26,"material","fabric"
27,"material","polyester"
27,"material","spandex"
28,"material","polyester"
28,"material","spandex"
28,"material","fabric"
29,"material","spandex"
29,"material","mesh"
3,"material","cotton"
3,"material","cotton"
30,"material","cotton"
30,"material","cotton"
30,"material","elastane"
31,"material","spandex"
31,"material","viscose"
32,"material","nylon"
32,"material","microfiber"
32,"material","elastane"
33,"material","spandex"
33,"material","nylon"
33,"material","mesh"
34,"material","polyester"
34,"material","microfiber"
34,"material","elastane"
34,"material","fabric"
35,"material","cotton"
35,"material","cotton"
36,"material","polyester"
36,"material","spandex"
37,"material","cotton"
37,"material","cotton"
37,"material","cotton"
37,"material","spandex"
38,"material","cotton"
38,"material","cotton"
38,"material","elastane"
39,"material","cotton"
39,"material","cotton"
39,"material","elastane"
4,"material","elastane"
40,"material","nylon"
40,"material","microfiber"
40,"material","elastane"
40,"material","elastic"
40,"material","fabric"
41,"material","spandex"
41,"material","nylon"
41,"material","mesh"
42,"material","spandex"
42,"material","nylon"
42,"material","mesh"
43,"material","cotton"
43,"material","elastane"
44,"material","cotton"
44,"material","cotton"
44,"material","cotton"
44,"material","spandex"
45,"material","cotton"
45,"material","cotton"
45,"material","elastic"
46,"material","cotton"
46,"material","cotton"
46,"material","elastane"
47,"material","spandex"
48,"material","polyester"
48,"material","spandex"
49,"material","spandex"
49,"material","nylon"
5,"material","cotton"
5,"material","cotton"
5,"material","spandex"
50,"material","cotton"
50,"material","cotton"
50,"material","spandex"
51,"material","cotton"
51,"material","cotton"
51,"material","elastane"
52,"material","polyester"
52,"material","elastane"
53,"material","spandex"
53,"material","knit"
54,"material","spandex"
54,"material","nylon"
55,"material","polyester"
55,"material","elastane"
56,"material","nylon"
56,"material","elastane"
57,"material","nylon"
57,"material","elastane"
58,"material","cotton"
58,"material","cotton"
58,"material","spandex"
59,"material","spandex"
6,"material","cotton"
6,"material","cotton"
6,"material","combed"
6,"material","knit"
60,"material","cotton"
60,"material","cotton"
60,"material","cotton"
60,"material","spandex"
62,"material","cotton"
62,"material","cotton"
62,"material","elastane"
63,"material","elastane"
64,"material","cotton"
64,"material","cotton"
64,"material","spandex"
65,"material","nylon"
65,"material","elastane"
66,"material","silk"
66,"material","spandex"
66,"material","fabric"
67,"material","nylon"
67,"material","elastane"
68,"material","silk"
68,"material","spandex"
68,"material","fabric"
69,"material","cotton"
69,"material","cotton"
69,"material","spandex"
7,"material","elastane"
70,"material","polyester"
70,"material","spandex"
70,"material","fabric"
71,"material","polyester"
71,"material","spandex"
71,"material","fabric"
72,"material","polyester"
72,"material","spandex"
72,"material","fabric"
73,"material","polyester"
73,"material","spandex"
73,"material","fabric"
74,"material","spandex"
74,"material","viscose"
74,"material","elastic"
75,"material","spandex"
75,"material","viscose"
75,"material","elastic"
76,"material","spandex"
76,"material","viscose"
76,"material","elastic"
77,"material","polyester"
77,"material","spandex"
77,"material","nylon"
78,"material","cotton"
78,"material","cotton"
78,"material","cotton"
78,"material","spandex"
79,"material","cotton"
79,"material","cotton"
79,"material","elastane"
80,"material","cotton"
80,"material","cotton"
80,"material","elastane"
81,"material","cotton"
81,"material","cotton"
81,"material","spandex"
82,"material","cotton"
82,"material","cotton"
82,"material","spandex"
83,"material","spandex"
84,"material","spandex"
84,"material","viscose"
85,"material","charmeuse"
85,"material","silk"
85,"material","silk"
86,"material","cotton"
86,"material","cotton"
86,"material","cotton"
86,"material","spandex"
87,"material","cotton"
87,"material","cotton"
87,"material","elastane"
88,"material","cotton"
89,"material","nylon"
89,"material","elastane"
9,"material","elastane"
90,"material","spandex"
90,"material","viscose"
90,"material","mesh"
91,"material","spandex"
91,"material","fabric"
92,"material","spandex"
92,"material","nylon"
93,"material","nylon"
93,"material","microfiber"
93,"material","elastane"
93,"material","elastic"
93,"material","fabric"
94,"material","cotton"
94,"material","cotton"
94,"material","cotton"
94,"material","spandex"
95,"material","cotton"
95,"material","cotton"
95,"material","cotton"
95,"material","spandex"
96,"material","polyester"
96,"material","spandex"
97,"material","cotton"
97,"material","elastane"
97,"material","elastic"
97,"material","elastic"
97,"material","knit"
98,"material","spandex"
98,"material","fabric"
99,"material","polyester"
99,"material","spandex"
99,"material","elastic"
99,"material","fabric"
1,"material","cotton"
1,"material","cotton"
1,"material","spandex"
10,"material","spandex"
10,"material","nylon"
10,"material","mesh"
100,"material","silk"
100,"material","elastane"
100,"material","elastic"
101,"material","cotton"
101,"material","cotton"
101,"material","elastane"
102,"material","cotton"
102,"material","cotton"
102,"material","elastane"
102,"material","elastic"
103,"material","spandex"
103,"material","nylon"
103,"material","mesh"
104,"material","spandex"
104,"material","nylon"
104,"material","lycra"
104,"material","fabric"
105,"material","cotton"
105,"material","elastic"
105,"material","woven"
106,"material","polyester"
106,"material","spandex"
106,"material","nylon"
106,"material","mesh"
107,"material","cotton"
107,"material","cotton"
107,"material","spandex"
108,"material","polyester"
108,"material","spandex"
108,"material","fabric"
11,"material","cotton"
11,"material","cotton"
11,"material","spandex"
11,"material","elastic"
11,"material","elastic"
11,"material","woven"
110,"material","cotton"
110,"material","cotton"
110,"material","elastic"
111,"material","nylon"
111,"material","elastane"
111,"material","fabric"
112,"material","spandex"
112,"material","viscose"
112,"material","mesh"
113,"material","spandex"
113,"material","viscose"
113,"material","mesh"
113,"material","fabric"
114,"material","spandex"
114,"material","viscose"
114,"material","mesh"
114,"material","fabric"
114,"material","fabric"
115,"material","spandex"
115,"material","viscose"
115,"material","mesh"
115,"material","fabric"
115,"material","fabric"
116,"material","silk"
116,"material","silk"
117,"material","cotton"
117,"material","cotton"
117,"material","elastic"
12,"material","elastane"
12,"material","fabric"
13,"material","spandex"
13,"material","viscose"
13,"material","elastic"
14,"material","cotton"
14,"material","elastane"
14,"material","elastic"
15,"material","cotton"
15,"material","elastane"
15,"material","elastic"
16,"material","spandex"
16,"material","elastic"
17,"material","cotton"
17,"material","elastane"
17,"material","elastic"
18,"material","cotton"
18,"material","cotton"
18,"material","cotton"
18,"material","spandex"
19,"material","spandex"
2,"material","polyester"
2,"material","spandex"
2,"material","fabric"
20,"material","polyester"
20,"material","spandex"
20,"material","fabric"
21,"material","silk"
21,"material","elastane"
21,"material","elastic"
22,"material","silk"
22,"material","silk"
23,"material","spandex"
24,"material","spandex"
24,"material","fabric"
25,"material","cotton"
25,"material","cotton"
26,"material","spandex"
26,"material","fabric"
27,"material","cotton"
27,"material","elastane"
28,"material","cotton"
28,"material","cotton"
28,"material","elastane"
29,"material","cotton"
29,"material","cotton"
29,"material","spandex"
3,"material","spandex"
3,"material","fabric"
30,"material","cotton"
31,"material","spandex"
31,"material","fabric"
32,"material","spandex"
32,"material","nylon"
33,"material","nylon"
33,"material","microfiber"
33,"material","elastane"
33,"material","elastic"
33,"material","fabric"
34,"material","spandex"
34,"material","fabric"
35,"material","spandex"
35,"material","fabric"
36,"material","cotton"
36,"material","elastane"
36,"material","elastic"
37,"material","cotton"
37,"material","cotton"
37,"material","cotton"
37,"material","spandex"
38,"material","spandex"
38,"material","fabric"
39,"material","cotton"
39,"material","cotton"
39,"material","spandex"
4,"material","spandex"
4,"material","nylon"
4,"material","nylon"
4,"material","mesh"
40,"material","cotton"
40,"material","cotton"
41,"material","silk"
41,"material","silk"
42,"material","polyester"
42,"material","spandex"
42,"material","microfiber"
43,"material","spandex"
43,"material","elastic"
44,"material","cotton"
44,"material","cotton"
44,"material","spandex"
45,"material","cotton"
45,"material","cotton"
45,"material","spandex"
45,"material","elastic"
45,"material","elastic"
45,"material","woven"
46,"material","spandex"
46,"material","fabric"
47,"material","cotton"
47,"material","cotton"
47,"material","elastane"
48,"material","spandex"
48,"material","fabric"
49,"material","spandex"
5,"material","nylon"
5,"material","elastane"
50,"material","cotton"
50,"material","cotton"
50,"material","spandex"
51,"material","elastane"
51,"material","fabric"
52,"material","polyester"
52,"material","spandex"
53,"material","spandex"
53,"material","viscose"
53,"material","mesh"
53,"material","fabric"
54,"material","charmeuse"
54,"material","silk"
54,"material","silk"
55,"material","microfiber"
56,"material","cotton"
56,"material","cotton"
56,"material","polyamide"
56,"material","elastane"
57,"material","spandex"
58,"material","nylon"
58,"material","microfiber"
58,"material","elastane"
59,"material","microfiber"
6,"material","silk"
6,"material","spandex"
6,"material","microfiber"
60,"material","polyester"
60,"material","elastane"
61,"material","cotton"
62,"material","cotton"
62,"material","cotton"
62,"material","spandex"
63,"material","nylon"
63,"material","elastane"
64,"material","spandex"
64,"material","fabric"
65,"material","cotton"
65,"material","cotton"
65,"material","spandex"
65,"material","mesh"
66,"material","cotton"
66,"material","cotton"
66,"material","elastane"
67,"material","cotton"
67,"material","cotton"
67,"material","cotton"
67,"material","spandex"
68,"material","silk"
68,"material","elastane"
68,"material","elastic"
69,"material","cotton"
69,"material","cotton"
69,"material","spandex"
69,"material","mesh"
7,"material","cotton"
7,"material","cotton"
7,"material","spandex"
7,"material","elastic"
70,"material","spandex"
70,"material","viscose"
70,"material","mesh"
71,"material","elastane"
72,"material","silk"
72,"material","elastane"
72,"material","elastic"
73,"material","spandex"
74,"material","polyester"
74,"material","elastane"
75,"material","spandex"
75,"material","nylon"
75,"material","lycra"
75,"material","mesh"
76,"material","cotton"
76,"material","spandex"
77,"material","cotton"
77,"material","cotton"
77,"material","spandex"
78,"material","spandex"
78,"material","fabric"
79,"material","cotton"
79,"material","cotton"
79,"material","spandex"
8,"material","spandex"
8,"material","viscose"
80,"material","polyester"
80,"material","elastane"
81,"material","polyester"
81,"material","spandex"
81,"material","fabric"
82,"material","cotton"
82,"material","cotton"
82,"material","cotton"
82,"material","spandex"
83,"material","polyester"
83,"material","spandex"
83,"material","fabric"
84,"material","spandex"
84,"material","nylon"
84,"material","mesh"
85,"material","nylon"
85,"material","elastane"
85,"material","elastic"
86,"material","polyester"
86,"material","spandex"
87,"material","spandex"
87,"material","viscose"
87,"material","knit"
88,"material","cotton"
88,"material","cotton"
88,"material","cotton"
88,"material","spandex"
89,"material","polyester"
89,"material","microfiber"
89,"material","elastane"
89,"material","fabric"
9,"material","spandex"
9,"material","nylon"
9,"material","fabric"
90,"material","cotton"
90,"material","elastic"
91,"material","cotton"
91,"material","cotton"
91,"material","elastane"
92,"material","elastane"
92,"material","elastic"
92,"material","lycra"
93,"material","spandex"
94,"material","polyester"
94,"material","elastane"
95,"material","cotton"
95,"material","elastic"
96,"material","spandex"
96,"material","nylon"
96,"material","lycra"
96,"material","mesh"
97,"material","spandex"
97,"material","lycra"
98,"material","microfiber"
99,"material","spandex"
99,"material","spandex"
99,"material","nylon"
99,"material","nylon"
99,"material","mesh"
1,"price.original","28.00"
10,"price.original","30.00"
100,"price.original","31.95"
11,"price.original","24.00"
12,"price.original","34.00"
13,"price.original","26.00"
14,"price.original","24.00"
15,"price.original","26.95"
16,"price.original","26.00"
17,"price.original","28.00"
18,"price.original","30.00"
19,"price.original","30.00"
2,"price.original","24.00"
20,"price.original","26.00"
21,"price.original","30.00"
22,"price.original","30.00"
23,"price.original","33.95"
24,"price.original","30.00"
25,"price.original","25.00"
26,"price.original","25.00"
27,"price.original","25.00"
28,"price.original","25.00"
29,"price.original","25.00"
3,"price.original","31.95"
30,"price.original","25.00"
31,"price.original","25.00"
32,"price.original","25.00"
33,"price.original","25.00"
34,"price.original","26.00"
35,"price.original","31.95"
36,"price.original","31.95"
37,"price.original","25.00"
38,"price.original","25.00"
39,"price.original","26.00"
4,"price.original","28.00"
40,"price.original","26.00"
41,"price.original","26.00"
42,"price.original","36.00"
43,"price.original","28.00"
44,"price.original","32.00"
45,"price.original","28.00"
46,"price.original","25.00"
47,"price.original","50.00"
48,"price.original","28.00"
49,"price.original","36.00"
5,"price.original","34.00"
50,"price.original","32.00"
51,"price.original","31.95"
52,"price.original","29.50"
53,"price.original","24.00"
54,"price.original","28.00"
55,"price.original","29.00"
56,"price.original","25.00"
57,"price.original","30.00"
58,"price.original","19.50"
59,"price.original","34.00"
6,"price.original","28.00"
60,"price.original","28.00"
61,"price.original","30.00"
62,"price.original","29.00"
63,"price.original","28.00"
64,"price.original","28.00"
65,"price.original","35.00"
66,"price.original","34.00"
67,"price.original","30.00"
68,"price.original","28.00"
69,"price.original","24.00"
7,"price.original","26.00"
70,"price.original","28.00"
71,"price.original","29.00"
72,"price.original","34.00"
73,"price.original","27.00"
74,"price.original","34.00"
75,"price.original","23.50"
76,"price.original","30.00"
77,"price.original","38.00"
78,"price.original","35.00"
79,"price.original","26.00"
8,"price.original","15.00"
80,"price.original","34.00"
81,"price.original","28.50"
82,"price.original","28.50"
83,"price.original","32.95"
84,"price.original","29.00"
85,"price.original","27.00"
86,"price.original","30.00"
87,"price.original","28.00"
88,"price.original","32.00"
89,"price.original","30.00"
9,"price.original","28.00"
90,"price.original","24.00"
91,"price.original","39.95"
92,"price.original","36.00"
93,"price.original","30.00"
94,"price.original","26.00"
95,"price.original","25.00"
96,"price.original","25.00"
97,"price.original","25.00"
98,"price.original","25.00"
99,"price.original","25.00"
1,"price.original","25.00"
10,"price.original","25.00"
100,"price.original","25.00"
11,"price.original","26.00"
12,"price.original","32.95"
13,"price.original","29.00"
14,"price.original","29.00"
15,"price.original","34.00"
16,"price.original","25.00"
17,"price.original","25.00"
18,"price.original","28.00"
19,"price.original","25.00"
2,"price.original","25.00"
20,"price.original","36.00"
21,"price.original","36.00"
22,"price.original","25.00"
23,"price.original","28.00"
24,"price.original","36.00"
25,"price.original","36.00"
26,"price.original","25.00"
27,"price.original","25.00"
28,"price.original","25.00"
29,"price.original","34.95"
3,"price.original","25.00"
30,"price.original","24.00"
31,"price.original","25.00"
32,"price.original","34.00"
33,"price.original","48.00"
34,"price.original","30.00"
35,"price.original","28.00"
36,"price.original","30.00"
37,"price.original","29.00"
38,"price.original","32.00"
39,"price.original","24.00"
4,"price.original","28.00"
40,"price.original","28.00"
41,"price.original","45.00"
42,"price.original","48.00"
43,"price.original","35.00"
44,"price.original","31.00"
45,"price.original","22.00"
46,"price.original","32.00"
47,"price.original","30.00"
48,"price.original","26.00"
49,"price.original","26.00"
5,"price.original","25.00"
50,"price.original","28.00"
51,"price.original","34.00"
52,"price.original","35.00"
53,"price.original","28.00"
54,"price.original","22.50"
55,"price.original","28.00"
56,"price.original","24.00"
57,"price.original","28.00"
58,"price.original","32.00"
59,"price.original","32.00"
6,"price.original","25.00"
60,"price.original","32.00"
62,"price.original","27.00"
63,"price.original","36.00"
64,"price.original","22.50"
65,"price.original","32.00"
66,"price.original","32.00"
67,"price.original","30.00"
68,"price.original","32.00"
69,"price.original","24.00"
7,"price.original","28.00"
70,"price.original","25.00"
71,"price.original","25.00"
72,"price.original","25.00"
73,"price.original","25.00"
74,"price.original","31.95"
75,"price.original","31.95"
76,"price.original","31.95"
77,"price.original","49.95"
78,"price.original","31.00"
79,"price.original","26.00"
8,"price.original","32.00"
80,"price.original","38.00"
81,"price.original","22.50"
82,"price.original","22.50"
83,"price.original","34.95"
84,"price.original","31.95"
85,"price.original","50.00"
86,"price.original","31.00"
87,"price.original","20.00"
88,"price.original","28.00"
89,"price.original","32.00"
9,"price.original","36.00"
90,"price.original","31.95"
91,"price.original","30.00"
92,"price.original","30.00"
93,"price.original","28.00"
94,"price.original","27.00"
95,"price.original","34.00"
96,"price.original","25.00"
97,"price.original","25.00"
98,"price.original","28.00"
99,"price.original","25.00"
1,"price.original","25.00"
10,"price.original","45.00"
100,"price.original","38.00"
101,"price.original","34.00"
102,"price.original","27.00"
103,"price.original","24.00"
104,"price.original","20.00"
105,"price.original","28.00"
106,"price.original","32.95"
107,"price.original","31.95"
108,"price.original","32.95"
11,"price.original","28.00"
110,"price.original","19.00"
111,"price.original","32.00"
112,"price.original","31.95"
113,"price.original","31.95"
114,"price.original","49.95"
115,"price.original","54.95"
116,"price.original","50.00"
117,"price.original","22.00"
12,"price.original","28.00"
13,"price.original","31.95"
14,"price.original","34.00"
15,"price.original","34.00"
16,"price.original","36.00"
17,"price.original","25.00"
18,"price.original","31.00"
19,"price.original","28.00"
2,"price.original","25.00"
20,"price.original","25.00"
21,"price.original","38.00"
22,"price.original","50.00"
23,"price.original","30.00"
24,"price.original","37.00"
25,"price.original","31.00"
26,"price.original","36.00"
27,"price.original","34.00"
28,"price.original","34.00"
29,"price.original","30.00"
3,"price.original","36.00"
30,"price.original","28.00"
31,"price.original","30.00"
32,"price.original","30.00"
33,"price.original","28.00"
34,"price.original","36.00"
35,"price.original","22.50"
36,"price.original","25.00"
37,"price.original","31.00"
38,"price.original","37.00"
39,"price.original","30.00"
4,"price.original","30.00"
40,"price.original","28.00"
41,"price.original","50.00"
42,"price.original","26.00"
43,"price.original","36.00"
44,"price.original","29.00"
45,"price.original","28.00"
46,"price.original","36.00"
47,"price.original","34.00"
48,"price.original","21.00"
49,"price.original","30.00"
5,"price.original","30.00"
50,"price.original","29.00"
51,"price.original","28.00"
52,"price.original","25.00"
53,"price.original","31.95"
54,"price.original","50.00"
55,"price.original","26.00"
56,"price.original","35.00"
57,"price.original","32.00"
58,"price.original","42.00"
59,"price.original","30.00"
6,"price.original","39.00"
60,"price.original","28.00"
61,"price.original","24.00"
62,"price.original","25.00"
63,"price.original","30.00"
64,"price.original","34.00"
65,"price.original","28.00"
66,"price.original","27.00"
67,"price.original","31.00"
68,"price.original","38.00"
69,"price.original","32.00"
7,"price.original","32.00"
70,"price.original","31.95"
71,"price.original","36.00"
72,"price.original","38.00"
73,"price.original","32.00"
74,"price.original","26.00"
75,"price.original","32.00"
76,"price.original","28.00"
77,"price.original","25.00"
78,"price.original","28.00"
79,"price.original","29.00"
8,"price.original","31.95"
80,"price.original","30.00"
81,"price.original","25.00"
82,"price.original","29.00"
83,"price.original","25.00"
84,"price.original","36.95"
85,"price.original","34.00"
86,"price.original","25.00"
87,"price.original","31.95"
88,"price.original","31.00"
89,"price.original","30.00"
9,"price.original","36.95"
90,"price.original","26.00"
91,"price.original","27.00"
92,"price.original","28.00"
93,"price.original","21.00"
94,"price.original","36.00"
95,"price.original","28.00"
96,"price.original","30.00"
97,"price.original","28.00"
98,"price.original","32.00"
99,"price.original","28.00"
48,"price.sale","18.19"
106,"price.sale","26.36"
108,"price.sale","26.36"
112,"price.sale","25.56"
113,"price.sale","25.56"
114,"price.sale","34.96"
115,"price.sale","38.46"
65,"price.sale","19.60"
1,"reviews","4.5758"
16,"reviews","5"
3,"reviews","4.6667"
4,"reviews","4.8"
41,"reviews","5"
43,"reviews","4.4286"
47,"reviews","2.75"
5,"reviews","4.4419"
53,"reviews","4.6667"
66,"reviews","5"
71,"reviews","4"
87,"reviews","5"
16,"reviews","5"
31,"reviews","4.9412"
32,"reviews","5"
38,"reviews","4.5"
85,"reviews","1"
86,"reviews","4.7826"
112,"reviews","5"
35,"reviews","5"
1,"source","nordstrom"
10,"source","nordstrom"
100,"source","nordstrom"
11,"source","nordstrom"
12,"source","nordstrom"
13,"source","nordstrom"
14,"source","nordstrom"
15,"source","nordstrom"
16,"source","nordstrom"
17,"source","nordstrom"
18,"source","nordstrom"
19,"source","nordstrom"
2,"source","nordstrom"
20,"source","nordstrom"
21,"source","nordstrom"
22,"source","nordstrom"
23,"source","nordstrom"
24,"source","nordstrom"
25,"source","nordstrom"
26,"source","nordstrom"
27,"source","nordstrom"
28,"source","nordstrom"
29,"source","nordstrom"
3,"source","nordstrom"
30,"source","nordstrom"
31,"source","nordstrom"
32,"source","nordstrom"
33,"source","nordstrom"
34,"source","nordstrom"
35,"source","nordstrom"
36,"source","nordstrom"
37,"source","nordstrom"
38,"source","nordstrom"
39,"source","nordstrom"
4,"source","nordstrom"
40,"source","nordstrom"
41,"source","nordstrom"
42,"source","nordstrom"
43,"source","nordstrom"
44,"source","nordstrom"
45,"source","nordstrom"
46,"source","nordstrom"
47,"source","nordstrom"
48,"source","nordstrom"
49,"source","nordstrom"
5,"source","nordstrom"
50,"source","nordstrom"
51,"source","nordstrom"
52,"source","nordstrom"
53,"source","nordstrom"
54,"source","nordstrom"
55,"source","nordstrom"
56,"source","nordstrom"
57,"source","nordstrom"
58,"source","nordstrom"
59,"source","nordstrom"
6,"source","nordstrom"
60,"source","nordstrom"
61,"source","nordstrom"
62,"source","nordstrom"
63,"source","nordstrom"
64,"source","nordstrom"
65,"source","nordstrom"
66,"source","nordstrom"
67,"source","nordstrom"
68,"source","nordstrom"
69,"source","nordstrom"
7,"source","nordstrom"
70,"source","nordstrom"
71,"source","nordstrom"
72,"source","nordstrom"
73,"source","nordstrom"
74,"source","nordstrom"
75,"source","nordstrom"
76,"source","nordstrom"
77,"source","nordstrom"
78,"source","nordstrom"
79,"source","nordstrom"
8,"source","nordstrom"
80,"source","nordstrom"
81,"source","nordstrom"
82,"source","nordstrom"
83,"source","nordstrom"
84,"source","nordstrom"
85,"source","nordstrom"
86,"source","nordstrom"
87,"source","nordstrom"
88,"source","nordstrom"
89,"source","nordstrom"
9,"source","nordstrom"
90,"source","nordstrom"
91,"source","nordstrom"
92,"source","nordstrom"
93,"source","nordstrom"
94,"source","nordstrom"
95,"source","nordstrom"
96,"source","nordstrom"
97,"source","nordstrom"
98,"source","nordstrom"
99,"source","nordstrom"
1,"source","nordstrom"
10,"source","nordstrom"
100,"source","nordstrom"
11,"source","nordstrom"
12,"source","nordstrom"
13,"source","nordstrom"
14,"source","nordstrom"
15,"source","nordstrom"
16,"source","nordstrom"
17,"source","nordstrom"
18,"source","nordstrom"
19,"source","nordstrom"
2,"source","nordstrom"
20,"source","nordstrom"
21,"source","nordstrom"
22,"source","nordstrom"
23,"source","nordstrom"
24,"source","nordstrom"
25,"source","nordstrom"
26,"source","nordstrom"
27,"source","nordstrom"
28,"source","nordstrom"
29,"source","nordstrom"
3,"source","nordstrom"
30,"source","nordstrom"
31,"source","nordstrom"
32,"source","nordstrom"
33,"source","nordstrom"
34,"source","nordstrom"
35,"source","nordstrom"
36,"source","nordstrom"
37,"source","nordstrom"
38,"source","nordstrom"
39,"source","nordstrom"
4,"source","nordstrom"
40,"source","nordstrom"
41,"source","nordstrom"
42,"source","nordstrom"
43,"source","nordstrom"
44,"source","nordstrom"
45,"source","nordstrom"
46,"source","nordstrom"
47,"source","nordstrom"
48,"source","nordstrom"
49,"source","nordstrom"
5,"source","nordstrom"
50,"source","nordstrom"
51,"source","nordstrom"
52,"source","nordstrom"
53,"source","nordstrom"
54,"source","nordstrom"
55,"source","nordstrom"
56,"source","nordstrom"
57,"source","nordstrom"
58,"source","nordstrom"
59,"source","nordstrom"
6,"source","nordstrom"
60,"source","nordstrom"
62,"source","nordstrom"
63,"source","nordstrom"
64,"source","nordstrom"
65,"source","nordstrom"
66,"source","nordstrom"
67,"source","nordstrom"
68,"source","nordstrom"
69,"source","nordstrom"
7,"source","nordstrom"
70,"source","nordstrom"
71,"source","nordstrom"
72,"source","nordstrom"
73,"source","nordstrom"
74,"source","nordstrom"
75,"source","nordstrom"
76,"source","nordstrom"
77,"source","nordstrom"
78,"source","nordstrom"
79,"source","nordstrom"
8,"source","nordstrom"
80,"source","nordstrom"
81,"source","nordstrom"
82,"source","nordstrom"
83,"source","nordstrom"
84,"source","nordstrom"
85,"source","nordstrom"
86,"source","nordstrom"
87,"source","nordstrom"
88,"source","nordstrom"
89,"source","nordstrom"
9,"source","nordstrom"
90,"source","nordstrom"
91,"source","nordstrom"
92,"source","nordstrom"
93,"source","nordstrom"
94,"source","nordstrom"
95,"source","nordstrom"
96,"source","nordstrom"
97,"source","nordstrom"
98,"source","nordstrom"
99,"source","nordstrom"
1,"source","nordstrom"
10,"source","nordstrom"
100,"source","nordstrom"
101,"source","nordstrom"
102,"source","nordstrom"
103,"source","nordstrom"
104,"source","nordstrom"
105,"source","nordstrom"
106,"source","nordstrom"
107,"source","nordstrom"
108,"source","nordstrom"
11,"source","nordstrom"
110,"source","nordstrom"
111,"source","nordstrom"
112,"source","nordstrom"
113,"source","nordstrom"
114,"source","nordstrom"
115,"source","nordstrom"
116,"source","nordstrom"
117,"source","nordstrom"
12,"source","nordstrom"
13,"source","nordstrom"
14,"source","nordstrom"
15,"source","nordstrom"
16,"source","nordstrom"
17,"source","nordstrom"
18,"source","nordstrom"
19,"source","nordstrom"
2,"source","nordstrom"
20,"source","nordstrom"
21,"source","nordstrom"
22,"source","nordstrom"
23,"source","nordstrom"
24,"source","nordstrom"
25,"source","nordstrom"
26,"source","nordstrom"
27,"source","nordstrom"
28,"source","nordstrom"
29,"source","nordstrom"
3,"source","nordstrom"
30,"source","nordstrom"
31,"source","nordstrom"
32,"source","nordstrom"
33,"source","nordstrom"
34,"source","nordstrom"
35,"source","nordstrom"
36,"source","nordstrom"
37,"source","nordstrom"
38,"source","nordstrom"
39,"source","nordstrom"
4,"source","nordstrom"
40,"source","nordstrom"
41,"source","nordstrom"
42,"source","nordstrom"
43,"source","nordstrom"
44,"source","nordstrom"
45,"source","nordstrom"
46,"source","nordstrom"
47,"source","nordstrom"
48,"source","nordstrom"
49,"source","nordstrom"
5,"source","nordstrom"
50,"source","nordstrom"
51,"source","nordstrom"
52,"source","nordstrom"
53,"source","nordstrom"
54,"source","nordstrom"
55,"source","nordstrom"
56,"source","nordstrom"
57,"source","nordstrom"
58,"source","nordstrom"
59,"source","nordstrom"
6,"source","nordstrom"
60,"source","nordstrom"
61,"source","nordstrom"
62,"source","nordstrom"
63,"source","nordstrom"
64,"source","nordstrom"
65,"source","nordstrom"
66,"source","nordstrom"
67,"source","nordstrom"
68,"source","nordstrom"
69,"source","nordstrom"
7,"source","nordstrom"
70,"source","nordstrom"
71,"source","nordstrom"
72,"source","nordstrom"
73,"source","nordstrom"
74,"source","nordstrom"
75,"source","nordstrom"
76,"source","nordstrom"
77,"source","nordstrom"
78,"source","nordstrom"
79,"source","nordstrom"
8,"source","nordstrom"
80,"source","nordstrom"
81,"source","nordstrom"
82,"source","nordstrom"
83,"source","nordstrom"
84,"source","nordstrom"
85,"source","nordstrom"
86,"source","nordstrom"
87,"source","nordstrom"
88,"source","nordstrom"
89,"source","nordstrom"
9,"source","nordstrom"
90,"source","nordstrom"
91,"source","nordstrom"
92,"source","nordstrom"
93,"source","nordstrom"
94,"source","nordstrom"
95,"source","nordstrom"
96,"source","nordstrom"
97,"source","nordstrom"
98,"source","nordstrom"
99,"source","nordstrom"
1,"brand","CALVIN KLEIN"
10,"brand","CALVIN KLEIN"
100,"brand","SAXX"
11,"brand","CALVIN KLEIN"
12,"brand","CALVIN KLEIN"
13,"brand","2(X)IST"
14,"brand","POLO RALPH LAUREN"
15,"brand","SAXX"
16,"brand","CALVIN KLEIN"
17,"brand","POLO RALPH LAUREN"
18,"brand","CALVIN KLEIN"
19,"brand","2(X)IST"
2,"brand","CALVIN KLEIN"
20,"brand","2(X)IST"
21,"brand","2(X)IST"
22,"brand","2(X)IST"
23,"brand","SAXX"
24,"brand","CALVIN KLEIN"
25,"brand","STANCE"
26,"brand","ETHIKA"
27,"brand","ETHIKA"
28,"brand","ETHIKA"
29,"brand","ETHIKA"
3,"brand","SAXX"
30,"brand","ETHIKA"
31,"brand","ETHIKA"
32,"brand","ETHIKA"
33,"brand","ETHIKA"
34,"brand","2(X)IST"
35,"brand","SAXX"
36,"brand","SAXX"
37,"brand","STANCE"
38,"brand","STANCE"
39,"brand","2(X)IST"
4,"brand","CALVIN KLEIN"
40,"brand","2(X)IST"
41,"brand","CALVIN KLEIN"
42,"brand","CALVIN KLEIN"
43,"brand","POLO RALPH LAUREN"
44,"brand","CALVIN KLEIN"
45,"brand","POLO RALPH LAUREN"
46,"brand","ETHIKA"
47,"brand","MAJESTIC INTERNATIONAL"
48,"brand","POLO RALPH LAUREN"
49,"brand","STANCE"
5,"brand","TOMMY JOHN"
50,"brand","CALVIN KLEIN"
51,"brand","SAXX"
52,"brand","NORDSTROM MEN'S SHOP"
53,"brand","POLO RALPH LAUREN"
54,"brand","POLO RALPH LAUREN"
55,"brand","MOSMANN AUSTRALIA"
56,"brand","ETHIKA"
57,"brand","2(X)IST"
58,"brand","NORDSTROM MEN'S SHOP"
59,"brand","TOMMY JOHN"
6,"brand","CALVIN KLEIN"
60,"brand","STANCE"
61,"brand","TOMMY JOHN"
62,"brand","MOSMANN AUSTRALIA"
63,"brand","STANCE"
64,"brand","CALVIN KLEIN"
65,"brand","TOMMY JOHN"
66,"brand","TOMMY JOHN"
67,"brand","TOMMY JOHN"
68,"brand","CALVIN KLEIN"
69,"brand","2(X)IST"
7,"brand","2(X)IST"
70,"brand","STANCE"
71,"brand","TOMMY JOHN"
72,"brand","CALVIN KLEIN"
73,"brand","BOSS"
74,"brand","BOSS"
75,"brand","PSYCHO BUNNY"
76,"brand","CALVIN KLEIN"
77,"brand","ROBERT GRAHAM"
78,"brand","ROBERT GRAHAM"
79,"brand","CALVIN KLEIN"
8,"brand","NORDSTROM MEN'S SHOP"
80,"brand","TOMMY JOHN"
81,"brand","PSYCHO BUNNY"
82,"brand","PSYCHO BUNNY"
83,"brand","SAXX"
84,"brand","MOSMANN AUSTRALIA"
85,"brand","MOSMANN AUSTRALIA"
86,"brand","CALVIN KLEIN"
87,"brand","STANCE"
88,"brand","CALVIN KLEIN"
89,"brand","2(X)IST"
9,"brand","CALVIN KLEIN"
90,"brand","2(X)IST"
91,"brand","SAXX"
92,"brand","CALVIN KLEIN"
93,"brand","CALVIN KLEIN"
94,"brand","2(X)IST"
95,"brand","ETHIKA"
96,"brand","ETHIKA"
97,"brand","ETHIKA"
98,"brand","ETHIKA"
99,"brand","ETHIKA"
1,"brand","STANCE"
10,"brand","STANCE"
100,"brand","ETHIKA"
11,"brand","2(X)IST"
12,"brand","SAXX"
13,"brand","MOSMANN AUSTRALIA"
14,"brand","MOSMANN AUSTRALIA"
15,"brand","STANCE"
16,"brand","ETHIKA"
17,"brand","ETHIKA"
18,"brand","STANCE"
19,"brand","STANCE"
2,"brand","STANCE"
20,"brand","STANCE"
21,"brand","STANCE"
22,"brand","STANCE"
23,"brand","STANCE"
24,"brand","STANCE"
25,"brand","STANCE"
26,"brand","ETHIKA"
27,"brand","ETHIKA"
28,"brand","ETHIKA"
29,"brand","SAXX"
3,"brand","STANCE"
30,"brand","CALVIN KLEIN"
31,"brand","ANDREW CHRISTIAN"
32,"brand","CALVIN KLEIN"
33,"brand","TOMMY JOHN"
34,"brand","CALVIN KLEIN"
35,"brand","POLO RALPH LAUREN"
36,"brand","2(X)IST"
37,"brand","TOMMY JOHN"
38,"brand","BOSS"
39,"brand","CALVIN KLEIN"
4,"brand","STANCE"
40,"brand","CALVIN KLEIN"
41,"brand","TOMMY JOHN"
42,"brand","TOMMY JOHN"
43,"brand","BOSS"
44,"brand","TOMMY JOHN"
45,"brand","2(X)IST"
46,"brand","BOSS"
47,"brand","CALVIN KLEIN"
48,"brand","2(X)IST"
49,"brand","ANDREW CHRISTIAN"
5,"brand","STANCE"
50,"brand","POLO RALPH LAUREN"
51,"brand","BOSS"
52,"brand","BOSS"
53,"brand","STANCE"
54,"brand","ANDREW CHRISTIAN"
55,"brand","CALVIN KLEIN"
56,"brand","CALVIN KLEIN"
57,"brand","CALVIN KLEIN"
58,"brand","ROBERT GRAHAM"
59,"brand","TOMMY JOHN"
6,"brand","STANCE"
60,"brand","TOMMY JOHN"
62,"brand","BOSS"
63,"brand","BOSS"
64,"brand","ETHIKA"
65,"brand","CALVIN KLEIN"
66,"brand","TOMMY JOHN"
67,"brand","CALVIN KLEIN"
68,"brand","TOMMY JOHN"
69,"brand","POLO RALPH LAUREN"
7,"brand","STANCE"
70,"brand","ETHIKA"
71,"brand","ETHIKA"
72,"brand","ETHIKA"
73,"brand","ETHIKA"
74,"brand","SAXX"
75,"brand","SAXX"
76,"brand","SAXX"
77,"brand","SAXX"
78,"brand","TOMMY JOHN"
79,"brand","CALVIN KLEIN"
8,"brand","STANCE"
80,"brand","EMPORIO ARMANI"
81,"brand","ETHIKA"
82,"brand","ETHIKA"
83,"brand","SAXX"
84,"brand","SAXX"
85,"brand","MAJESTIC INTERNATIONAL"
86,"brand","TOMMY JOHN"
87,"brand","CALVIN KLEIN"
88,"brand","2(X)IST"
89,"brand","CALVIN KLEIN"
9,"brand","STANCE"
90,"brand","SAXX"
91,"brand","TOMMY JOHN"
92,"brand","2(X)IST"
93,"brand","CALVIN KLEIN"
94,"brand","TOMMY JOHN"
95,"brand","TOMMY JOHN"
96,"brand","ETHIKA"
97,"brand","STANCE"
98,"brand","STANCE"
99,"brand","ETHIKA"
1,"brand","ETHIKA"
10,"brand","TOMMY JOHN"
100,"brand","CALVIN KLEIN"
101,"brand","BOSS"
102,"brand","BOSS"
103,"brand","EXOFFICIO"
104,"brand","EXOFFICIO"
105,"brand","POLO RALPH LAUREN"
106,"brand","SAXX"
107,"brand","SAXX"
108,"brand","SAXX"
11,"brand","POLO RALPH LAUREN"
110,"brand","CALVIN KLEIN"
111,"brand","CALVIN KLEIN"
112,"brand","SAXX"
113,"brand","SAXX"
114,"brand","SAXX"
115,"brand","SAXX"
116,"brand","MAJESTIC INTERNATIONAL"
117,"brand","2(X)IST"
12,"brand","STANCE"
13,"brand","SAXX"
14,"brand","STANCE"
15,"brand","STANCE"
16,"brand","STANCE"
17,"brand","STANCE"
18,"brand","TOMMY JOHN"
19,"brand","2(X)IST"
2,"brand","ETHIKA"
20,"brand","ETHIKA"
21,"brand","CALVIN KLEIN"
22,"brand","MAJESTIC INTERNATIONAL"
23,"brand","CALVIN KLEIN"
24,"brand","TOMMY JOHN"
25,"brand","TOMMY JOHN"
26,"brand","STANCE"
27,"brand","BOSS"
28,"brand","BOSS"
29,"brand","2(X)IST"
3,"brand","STANCE"
30,"brand","2(X)IST"
31,"brand","TOMMY JOHN"
32,"brand","2(X)IST"
33,"brand","CALVIN KLEIN"
34,"brand","STANCE"
35,"brand","ANDREW CHRISTIAN"
36,"brand","STANCE"
37,"brand","TOMMY JOHN"
38,"brand","TOMMY JOHN"
39,"brand","2(X)IST"
4,"brand","2(X)IST"
40,"brand","2(X)IST"
41,"brand","MAJESTIC INTERNATIONAL"
42,"brand","2(X)IST"
43,"brand","STANCE"
44,"brand","TOMMY JOHN"
45,"brand","POLO RALPH LAUREN"
46,"brand","STANCE"
47,"brand","BOSS"
48,"brand","ANDREW CHRISTIAN"
49,"brand","CALVIN KLEIN"
5,"brand","CALVIN KLEIN"
50,"brand","TOMMY JOHN"
51,"brand","STANCE"
52,"brand","ETHIKA"
53,"brand","SAXX"
54,"brand","MAJESTIC INTERNATIONAL"
55,"brand","CALVIN KLEIN"
56,"brand","BOSS"
57,"brand","2(X)IST"
58,"brand","EMPORIO ARMANI"
59,"brand","CALVIN KLEIN"
6,"brand","TOMMY JOHN"
60,"brand","CALVIN KLEIN"
61,"brand","2(X)IST"
62,"brand","ETHIKA"
63,"brand","CALVIN KLEIN"
64,"brand","TOMMY JOHN"
65,"brand","2(X)IST"
66,"brand","BOSS"
67,"brand","TOMMY JOHN"
68,"brand","CALVIN KLEIN"
69,"brand","2(X)IST"
7,"brand","ETHIKA"
70,"brand","SAXX"
71,"brand","BOSS"
72,"brand","CALVIN KLEIN"
73,"brand","TOMMY JOHN"
74,"brand","CALVIN KLEIN"
75,"brand","EXOFFICIO"
76,"brand","2(X)IST"
77,"brand","ETHIKA"
78,"brand","STANCE"
79,"brand","TOMMY JOHN"
8,"brand","SAXX"
80,"brand","CALVIN KLEIN"
81,"brand","ETHIKA"
82,"brand","TOMMY JOHN"
83,"brand","ETHIKA"
84,"brand","SAXX"
85,"brand","BOSS"
86,"brand","ETHIKA"
87,"brand","SAXX"
88,"brand","TOMMY JOHN"
89,"brand","CALVIN KLEIN"
9,"brand","SAXX"
90,"brand","CALVIN KLEIN"
91,"brand","BOSS"
92,"brand","CALVIN KLEIN"
93,"brand","ANDREW CHRISTIAN"
94,"brand","BOSS"
95,"brand","POLO RALPH LAUREN"
96,"brand","EXOFFICIO"
97,"brand","CALVIN KLEIN"
98,"brand","CALVIN KLEIN"
99,"brand","EXOFFICIO"
